Sector,Sector Rank,Ticker,Price,IV Implied,IV First->Last,IV Slope,IV Rank,GEX First->Last,GEX Slope,GEX Sign Flip,Put Wall,Call Wall,Wall Position %,Wall Note,Wyckoff,GEX Classification,Badge,Caveat
Technology,1,AAOI,107.32,89.8,87.8 -> 89.8,0.023,9.0,-1 -> 1,0.031,YES,94.0,110.0,83.25,,Mark-down,Neutral / Transition Zone,◎ NEUTRAL,
Technology,2,SMCI,41.92,71.6,68.9 -> 71.6,0.162,32.0,1 -> 3,0.06,,41.0,46.0,18.4,,Mark-up,Neutral / Transition Zone,📈 UPTREND,
Technology,3,WDC,462.56,71.3,64.1 -> 71.3,0.681,20.0,-10 -> -2,0.429,,450.0,500.0,25.12,,Mark-down,Neutral / Transition Zone,📉 DOWNTREND,
Technology,4,STX,945.57,71.3,64.2 -> 71.3,0.646,27.0,-6 -> 4,0.375,YES,895.0,930.0,144.486,above call,Mark-up,Moderate Positive Gamma,📈 UPTREND,
Technology,5,IONQ,43.99,70.7,69.8 -> 70.7,0.289,6.0,1 -> 2,0.043,,42.0,45.0,66.333,,Mark-up,Neutral / Transition Zone,📈 UPTREND,
Technology,6,ONTO,314.88,70.0,67.9 -> 70.0,0.365,43.0,0 -> 2,0.125,,280.0,330.0,69.76,,Mark-up,Neutral / Transition Zone,📈 UPTREND,
Technology,7,SANM,221.96,68.7,65.9 -> 68.7,0.595,69.0,1 -> 1,0.005,,220.0,240.0,9.8,,Mark-up,Neutral / Transition Zone,📈 UPTREND,
Technology,8,ARM,292.34,68.3,64.3 -> 68.3,0.227,38.0,0 -> 6,0.059,,285.0,285.0,,pinned,Mark-up,Moderate Positive Gamma,📈 UPTREND,
Technology,9,QBTS,16.56,68.3,69.8 -> 68.3,0.105,1.0,0 -> 1,0.055,,16.0,18.0,28.0,,Mark-down,Neutral / Transition Zone,◎ NEUTRAL,fade
Technology,10,FN,451.44,67.1,61.6 -> 67.1,0.71,28.0,-2 -> 1,0.063,YES,480.0,460.0,,inverted,Mark-down,Neutral / Transition Zone,◎ NEUTRAL,
Technology,11,KLAC,200.33,63.3,53.1 -> 63.3,0.775,43.0,1 -> 1,0.006,,180.0,192.5,162.64,above call,Mark-up,Neutral / Transition Zone,📈 UPTREND,
Technology,12,GLW,160.42,63.2,57.3 -> 63.2,0.502,45.0,-3 -> 2,0.182,YES,160.0,165.0,8.4,,Mark-up,Neutral / Transition Zone,📈 UPTREND,
Technology,13,LRCX,340.1,62.5,54.2 -> 62.5,0.698,34.0,-5 -> 5,0.305,YES,320.0,340.0,100.5,above call,Mark-up,Moderate Positive Gamma,📈 UPTREND,
Technology,14,AMAT,529.3,54.7,50.4 -> 54.7,0.445,32.0,-7 -> 9,0.907,YES,500.0,525.0,117.2,above call,Mark-up,Extreme Positive Gamma,◉ PINNED,
Technology,15,CDNS,350.73,48.6,40.0 -> 48.6,0.817,66.0,-1 -> 1,0.17,YES,265.0,350.0,100.859,above call,Mark-up,Neutral / Transition Zone,📈 UPTREND,
Technology,16,SAP,210.79,46.9,36.8 -> 46.9,0.704,73.0,0 -> 0,0.022,,200.0,210.0,107.9,above call,Mark-up,Neutral / Transition Zone,📈 UPTREND,
Technology,17,APH,85.67,45.3,42.2 -> 45.3,0.242,34.0,-5 -> 8,0.928,YES,67.5,85.0,103.829,above call,Mark-up,Extreme Positive Gamma,◉ PINNED,
Technology,18,SNPS,490.54,45.3,44.7 -> 45.3,0.171,46.0,-1 -> 2,0.007,YES,410.0,480.0,115.057,above call,Mark-up,Neutral / Transition Zone,📈 UPTREND,
Technology,19,BHE,84.62,44.8,41.1 -> 44.8,0.519,65.0,0 -> 1,0.091,,85.0,80.0,,inverted,Mark-up,Neutral / Transition Zone,📈 UPTREND,
Technology,20,CRM,236.69,39.0,41.5 -> 39.0,0.033,43.0,-3 -> 1,0.374,YES,240.0,230.0,,inverted,Mark-up,Neutral / Transition Zone,📈 UPTREND,fade
Technology,21,UBER,67.88,34.9,35.3 -> 34.9,0.059,28.0,-1 -> 2,0.148,YES,70.0,71.0,-212.0,below put,Mark-down,Neutral / Transition Zone,◎ NEUTRAL,flat
Technology,22,TSM,459.2,32.7,33.0 -> 32.7,0.058,9.0,-10 -> 10,0.395,YES,460.0,480.0,-4.0,below put,Mark-up,Extreme Positive Gamma,◉ PINNED,flat
Technology,23,MSFT,512.8,30.0,25.6 -> 30.0,0.622,41.0,-5 -> 5,0.035,YES,517.5,520.0,-188.0,below put,Accumulation,Moderate Positive Gamma,✓ BULL SETUP,
Communication Services,1,NFLX,67.85,44.9,33.2 -> 44.9,0.793,67.0,-2 -> -4,0.203,,70.0,70.0,,pinned,Mark-down,Moderate Negative Gamma,📉 DOWNTREND,
Communication Services,2,CMCSA,21.7,39.1,37.3 -> 39.1,0.174,77.0,-1 -> 1,0.149,YES,21.5,22.0,40.0,,Mark-down,Neutral / Transition Zone,◎ NEUTRAL,
Communication Services,3,GOOGL,338.24,35.7,29.7 -> 35.7,0.499,54.0,-1 -> 9,0.332,YES,347.5,350.0,-370.4,below put,Mark-down,Extreme Positive Gamma,◉ PINNED,
Communication Services,4,WBD,30.95,2.1,2.7 -> 2.1,0.019,,1 -> 10,0.67,,30.5,31.0,90.0,,Accumulation,Extreme Positive Gamma,✓ BULL SETUP,fade
Consumer Cyclical,1,MOD,189.21,77.2,67.0 -> 77.2,0.874,53.0,1 -> 3,0.097,,195.0,210.0,-38.6,below put,Mark-down,Neutral / Transition Zone,◎ NEUTRAL,
Consumer Cyclical,2,NKE,35.15,52.2,47.3 -> 52.2,0.246,85.0,-4 -> -1,0.178,,36.0,36.0,,pinned,Mark-down,Neutral / Transition Zone,📉 DOWNTREND,
Consumer Cyclical,3,CMG,32.32,50.3,36.0 -> 50.3,1.084,75.0,2 -> 7,0.251,,30.0,33.0,77.333,,Distribution,Moderate Positive Gamma,◎ NEUTRAL,
Consumer Cyclical,4,TSLA,354.11,45.5,42.4 -> 45.5,0.264,31.0,-8 -> 4,0.038,YES,360.0,367.5,-78.533,below put,Mark-down,Moderate Positive Gamma,◎ NEUTRAL,
Consumer Cyclical,5,BKNG,160.28,42.5,35.9 -> 42.5,0.445,71.0,-2 -> -2,0.019,,160.0,165.0,5.6,,Mark-down,Neutral / Transition Zone,📉 DOWNTREND,
Consumer Cyclical,6,GM,79.31,39.8,32.4 -> 39.8,0.51,67.0,-3 -> -1,0.162,,78.0,80.0,65.5,,Mark-down,Neutral / Transition Zone,📉 DOWNTREND,
Consumer Cyclical,7,AMZN,248.23,38.9,30.9 -> 38.9,0.735,57.0,2 -> 5,0.004,,250.0,250.0,,pinned,Mark-down,Moderate Positive Gamma,◎ NEUTRAL,
Consumer Cyclical,8,SBUX,94.88,33.9,27.6 -> 33.9,0.496,44.0,1 -> 1,0.027,,90.0,98.0,61.0,,Mark-down,Neutral / Transition Zone,◎ NEUTRAL,
Consumer Cyclical,9,HLT,315.44,29.7,25.7 -> 29.7,0.265,63.0,1 -> 1,0.031,,310.0,310.0,,pinned,Mark-down,Neutral / Transition Zone,◎ NEUTRAL,
Consumer Cyclical,10,MCD,231.83,22.4,20.7 -> 22.4,0.255,54.0,-7 -> 2,0.537,YES,230.0,237.5,24.4,,Mark-down,Neutral / Transition Zone,◎ NEUTRAL,
Industrials,1,VRT,246.12,66.2,55.6 -> 66.2,0.853,47.0,-9 -> -1,0.356,,235.0,250.0,74.133,,Mark-down,Neutral / Transition Zone,📉 DOWNTREND,
Industrials,2,BA,192.28,38.8,32.4 -> 38.8,0.564,71.0,-6 -> 6,0.634,YES,200.0,195.0,,inverted,Mark-down,Moderate Positive Gamma,◎ NEUTRAL,
Industrials,3,UPS,93.89,36.7,28.1 -> 36.7,1.508,61.0,0 -> 1,0.101,,92.0,100.0,23.625,,Mark-down,Neutral / Transition Zone,◎ NEUTRAL,
Industrials,4,GD,332.72,25.5,20.6 -> 25.5,0.41,56.0,1 -> 1,0.021,,330.0,337.5,36.267,,Mark-down,Neutral / Transition Zone,◎ NEUTRAL,
Financial Services,1,PYPL,53.06,44.2,30.9 -> 44.2,1.235,59.0,0 -> 1,0.022,,53.0,56.0,2.0,,Distribution,Neutral / Transition Zone,◎ NEUTRAL,
Healthcare,1,ISRG,401.24,43.8,37.3 -> 43.8,0.454,78.0,1 -> 2,0.057,,400.0,420.0,6.2,,Mark-up,Neutral / Transition Zone,📈 UPTREND,
Healthcare,2,BMY,61.46,35.1,25.5 -> 35.1,0.722,69.0,1 -> 1,0.129,,61.0,64.0,15.333,,Distribution,Neutral / Transition Zone,◎ NEUTRAL,
Healthcare,3,CVS,85.2,35.0,29.0 -> 35.0,0.375,51.0,1 -> 1,0.075,,84.0,89.0,24.0,,Distribution,Neutral / Transition Zone,◎ NEUTRAL,
Healthcare,4,SYK,272.96,33.1,30.1 -> 33.1,0.22,67.0,1 -> 1,0.078,,270.0,280.0,29.6,,Mark-down,Neutral / Transition Zone,◎ NEUTRAL,
Healthcare,5,GILD,147.5,30.2,26.2 -> 30.2,0.354,45.0,1 -> 1,0.028,,146.0,149.0,50.0,,Mark-up,Neutral / Transition Zone,📈 UPTREND,
Healthcare,6,ABBV,259.93,30.0,26.7 -> 30.0,0.282,61.0,2 -> 2,0.076,,255.0,270.0,32.867,,Mark-up,Neutral / Transition Zone,📈 UPTREND,
Healthcare,7,VRTX,506.74,29.4,28.1 -> 29.4,0.024,28.0,-1 -> -2,0.004,,525.0,520.0,,inverted,Mark-down,Neutral / Transition Zone,📉 DOWNTREND,
Healthcare,8,AMGN,407.27,29.1,26.3 -> 29.1,0.175,51.0,1 -> 1,0.027,,400.0,420.0,36.35,,Mark-up,Neutral / Transition Zone,📈 UPTREND,
Healthcare,9,JNJ,258.66,25.9,26.2 -> 25.9,0.04,75.0,-10 -> -7,0.407,,260.0,270.0,-13.4,below put,Mark-down,Moderate Negative Gamma,📉 DOWNTREND,flat
Healthcare,10,PFE,28.12,22.4,22.0 -> 22.4,0.12,24.0,1 -> 8,0.419,,28.5,28.5,,pinned,Mark-up,Extreme Positive Gamma,◉ PINNED,flat
Utilities,1,TLN,323.09,53.2,51.2 -> 53.2,0.071,29.0,-1 -> -1,0.033,,310.0,320.0,130.9,above call,Mark-down,Neutral / Transition Zone,📉 DOWNTREND,
Utilities,2,GEV,987.45,51.9,46.8 -> 51.9,0.329,34.0,-7 -> 4,0.6,YES,930.0,1000.0,82.071,,Mark-up,Moderate Positive Gamma,📈 UPTREND,
Utilities,3,NRG,96.93,51.2,50.4 -> 51.2,0.137,68.0,0 -> 0,0.018,,95.0,103.0,24.125,,Mark-down,Neutral / Transition Zone,📉 DOWNTREND,
Utilities,4,CEG,258.92,44.1,39.4 -> 44.1,0.105,25.0,-1 -> -1,0.035,,250.0,260.0,89.2,,Distribution,Neutral / Transition Zone,◎ NEUTRAL,
Utilities,5,VST,139.75,43.9,42.4 -> 43.9,0.025,15.0,-2 -> 0,0.066,,135.0,150.0,31.667,,Mark-down,Neutral / Transition Zone,📉 DOWNTREND,
Utilities,6,FE,43.39,20.4,16.6 -> 20.4,0.203,46.0,0 -> 0,0.014,,43.0,46.0,13.0,,Mark-down,Neutral / Transition Zone,📉 DOWNTREND,
Utilities,7,SO,83.47,19.4,15.6 -> 19.4,0.175,59.0,0 -> 1,0.075,,78.0,88.0,54.7,,Mark-down,Neutral / Transition Zone,◎ NEUTRAL,
Energy,1,CCJ,85.69,46.7,44.8 -> 46.7,0.095,20.0,-4 -> -2,0.062,,86.0,92.0,-5.167,below put,Mark-down,Neutral / Transition Zone,📉 DOWNTREND,
Energy,2,COP,127.06,31.3,31.2 -> 31.3,0.082,48.0,-2 -> 0,0.054,,125.0,129.0,51.5,,Mark-up,Neutral / Transition Zone,📈 UPTREND,flat
Basic Materials,1,NEM,114.67,41.8,40.9 -> 41.8,0.228,13.0,0 -> 0,0.004,,115.0,119.0,-8.25,below put,Mark-up,Neutral / Transition Zone,📈 UPTREND,
Basic Materials,2,DOW,27.59,40.6,42.3 -> 40.6,0.03,15.0,1 -> 0,0.003,,26.0,28.0,79.5,,Mark-down,Neutral / Transition Zone,📉 DOWNTREND,fade
Basic Materials,3,DD,129.2,32.1,29.3 -> 32.1,0.221,39.0,2 -> 2,0.02,,130.0,135.0,-16.0,below put,Mark-down,Neutral / Transition Zone,◎ NEUTRAL,
Basic Materials,4,APD,273.33,25.4,23.0 -> 25.4,0.23,28.0,1 -> 1,0.008,,270.0,280.0,33.3,,Mark-down,Neutral / Transition Zone,◎ NEUTRAL,
