Rank,Ticker,Sector,Price,Chg1D%,EdgeScore,Tier,WyckoffPhase,Setup,PricePosition,GEXScale,GEXClass,GammaFlip,PutWall,CallWall,IVRank,IVImplied,VolRatio,PutCall,Change%,EMA21,SMA50,SMA200,DaysToEarnings,Badge,Past5%,EMA9,Gap9%,SetupPass,StabPass,WhyBullish,HistWin%,HistAvg%,HistExcess%,BacktestN
1,CL,Household & Personal Products,84.26,-0.32,13.0,A - Strong Edge,Mark-down,[MARKDOWN],Bottom 33%,0.0,Neutral / Transition Zone,88.0,84.0,92.0,56.0,24.7,1.23,0.29,-0.32,87.14,90.0,88.38,27.0,DOWNTREND,-2.091564025098769,85.97,-1.9890659532394994,False,True,+2 Capitulation phase (Mark-down/Distribution); +2 Bottom-33% of 52W range; +2 Dealer gamma <= 0 (short/neutral); +1 Spot below gamma flip; +2 IV Rank >= 50 (premium rich); +2 Volume ratio > 1.2x (capitulation volume); +1 Below SMA200; +1 DOWNTREND confluence badge,50.66,1.11,0.69,3085
2,GSK,Healthcare (Pharmaceuticals),47.03,0.06,12.0,A - Strong Edge,Distribution,[SOW] (Selling on Supply),Bottom 33%,0.0,Neutral / Transition Zone,51.0,47.0,55.0,52.0,27.6,1.6,0.31,-0.32,49.61,50.82,52.44,25.0,NEUTRAL,-4.488220958570266,49.0,-4.020408163265299,False,True,+2 Capitulation phase (Mark-down/Distribution); +2 Bottom-33% of 52W range; +2 Dealer gamma <= 0 (short/neutral); +1 Spot below gamma flip; +2 IV Rank >= 50 (premium rich); +2 Volume ratio > 1.2x (capitulation volume); +1 Below SMA200,50.66,1.11,0.69,3085
3,XLC,Communication,110.32,0.35,11.0,A - Strong Edge,Mark-down,[MARKDOWN],Bottom 33%,-1.0,Neutral / Transition Zone,110.5,108.0,113.0,76.0,21.8,0.97,0.97,0.35,,114.64,113.65,,DOWNTREND,-2.337110481586402,,,False,False,+2 Capitulation phase (Mark-down/Distribution); +2 Bottom-33% of 52W range; +2 Dealer gamma <= 0 (short/neutral); +1 Spot below gamma flip; +2 IV Rank >= 50 (premium rich); +1 Below SMA200; +1 DOWNTREND confluence badge,50.66,1.11,0.69,3085
4,RTX,Defense & Aerospace,185.27,0.15,11.0,A - Strong Edge,Mark-down,[MARKDOWN],Bottom 33%,-1.0,Neutral / Transition Zone,187.5,185.0,190.0,72.0,31.8,0.96,0.38,0.14,194.03,207.38,194.83,17.0,DOWNTREND,-2.1805702217528977,188.77,-1.8541081739683163,False,True,+2 Capitulation phase (Mark-down/Distribution); +2 Bottom-33% of 52W range; +2 Dealer gamma <= 0 (short/neutral); +1 Spot below gamma flip; +2 IV Rank >= 50 (premium rich); +1 Below SMA200; +1 DOWNTREND confluence badge,50.66,1.11,0.69,3085
5,GM,Automobile Manufacturers,78.27,-1.31,11.0,A - Strong Edge,Mark-down,[MARKDOWN],Bottom 33%,-1.0,Neutral / Transition Zone,79.0,78.0,80.0,70.0,40.4,1.2,0.6,-1.31,82.8,85.58,80.72,17.0,DOWNTREND,-5.276533946508533,80.92,-3.2748393475037108,False,True,+2 Capitulation phase (Mark-down/Distribution); +2 Bottom-33% of 52W range; +2 Dealer gamma <= 0 (short/neutral); +1 Spot below gamma flip; +2 IV Rank >= 50 (premium rich); +1 Below SMA200; +1 DOWNTREND confluence badge,50.66,1.11,0.69,3085
6,JNJ,Pharmaceuticals & Medical Devices,256.03,-1.24,11.0,A - Strong Edge,Mark-down,[MARKDOWN],Bottom 33%,-9.0,Extreme Negative Gamma,262.5,260.0,265.0,70.0,25.1,1.71,0.84,-1.02,267.58,265.72,240.99,10.0,[!] HIGH VOL RISK,-5.600619423346376,266.66,-3.9863496587414837,False,True,+2 Capitulation phase (Mark-down/Distribution); +2 Bottom-33% of 52W range; +2 Dealer gamma <= 0 (short/neutral); +1 Spot below gamma flip; +2 IV Rank >= 50 (premium rich); +2 Volume ratio > 1.2x (capitulation volume),50.66,1.11,0.69,3085
7,NFLX,Communication Services (Entertainment),67.1,-1.29,11.0,A - Strong Edge,Mark-down,[MARKDOWN],Bottom 33%,-2.0,Neutral / Transition Zone,69.0,68.0,70.0,68.0,45.1,1.12,0.5,-1.11,73.37,75.6,84.46,17.0,DOWNTREND,-5.692199578355606,70.8,-5.225988700564976,True,False,+2 Capitulation phase (Mark-down/Distribution); +2 Bottom-33% of 52W range; +2 Dealer gamma <= 0 (short/neutral); +1 Spot below gamma flip; +2 IV Rank >= 50 (premium rich); +1 Below SMA200; +1 DOWNTREND confluence badge,50.66,1.11,0.69,3085
8,MS,Investment Banking & Wealth Management,190.64,1.38,11.0,A - Strong Edge,Mark-down,[MARKDOWN],Bottom 33%,-2.0,Neutral / Transition Zone,192.5,190.0,195.0,66.0,34.0,1.18,1.05,1.4,201.21,211.11,193.73,11.0,DOWNTREND,-2.8882889307727644,194.69,-2.0802301094047015,False,True,+2 Capitulation phase (Mark-down/Distribution); +2 Bottom-33% of 52W range; +2 Dealer gamma <= 0 (short/neutral); +1 Spot below gamma flip; +2 IV Rank >= 50 (premium rich); +1 Below SMA200; +1 DOWNTREND confluence badge,50.66,1.11,0.69,3085
9,ABT,Healthcare (Medical Devices/Pharmaceuticals),97.5,0.72,11.0,A - Strong Edge,Mark-down,[MARKDOWN],Bottom 33%,-3.0,Neutral / Transition Zone,98.5,97.0,100.0,64.0,31.9,1.01,0.49,0.84,102.9,107.0,104.44,18.0,DOWNTREND,-3.741731661565806,100.49,-2.975420439844756,False,True,+2 Capitulation phase (Mark-down/Distribution); +2 Bottom-33% of 52W range; +2 Dealer gamma <= 0 (short/neutral); +1 Spot below gamma flip; +2 IV Rank >= 50 (premium rich); +1 Below SMA200; +1 DOWNTREND confluence badge,50.66,1.11,0.69,3085
10,NRG,Utilities (Independent Power),95.23,-1.8,11.0,A - Strong Edge,Mark-down,[MARKDOWN],Bottom 33%,-1.0,Neutral / Transition Zone,99.0,95.0,103.0,60.0,49.5,1.18,0.65,-1.75,104.4,116.75,141.88,33.0,DOWNTREND,-5.12105210720335,99.33,-4.127655290445986,False,True,+2 Capitulation phase (Mark-down/Distribution); +2 Bottom-33% of 52W range; +2 Dealer gamma <= 0 (short/neutral); +1 Spot below gamma flip; +2 IV Rank >= 50 (premium rich); +1 Below SMA200; +1 DOWNTREND confluence badge,50.66,1.11,0.69,3085
11,BKNG,Internet Travel Services,158.96,-0.84,11.0,A - Strong Edge,Mark-down,[MARKDOWN],Bottom 33%,-2.0,Neutral / Transition Zone,162.5,160.0,165.0,58.0,38.7,0.86,1.54,-0.82,171.61,190.55,183.44,24.0,DOWNTREND,-3.0436108569685816,163.67,-2.877741797519384,False,True,+2 Capitulation phase (Mark-down/Distribution); +2 Bottom-33% of 52W range; +2 Dealer gamma <= 0 (short/neutral); +1 Spot below gamma flip; +2 IV Rank >= 50 (premium rich); +1 Below SMA200; +1 DOWNTREND confluence badge,50.66,1.11,0.69,3085
12,SCHW,Banks Broker,96.7,-1.7,11.0,A - Strong Edge,Mark-down,[MARKDOWN],Bottom 33%,-3.0,Neutral / Transition Zone,97.0,96.0,98.0,57.0,30.4,0.92,1.58,-1.7,102.81,106.52,98.32,12.0,DOWNTREND,-2.352822377057451,100.0,-3.299999999999992,False,True,+2 Capitulation phase (Mark-down/Distribution); +2 Bottom-33% of 52W range; +2 Dealer gamma <= 0 (short/neutral); +1 Spot below gamma flip; +2 IV Rank >= 50 (premium rich); +1 Below SMA200; +1 DOWNTREND confluence badge,50.66,1.11,0.69,3085
13,XLB,Materials,48.86,0.43,11.0,A - Strong Edge,Mark-down,[MARKDOWN],Bottom 33%,0.0,Neutral / Transition Zone,49.25,48.0,50.5,57.0,21.1,1.19,1.0,0.66,,50.88,49.06,,DOWNTREND,-1.887550200803212,,,False,False,+2 Capitulation phase (Mark-down/Distribution); +2 Bottom-33% of 52W range; +2 Dealer gamma <= 0 (short/neutral); +1 Spot below gamma flip; +2 IV Rank >= 50 (premium rich); +1 Below SMA200; +1 DOWNTREND confluence badge,50.66,1.11,0.69,3085
14,GE,Industrial Aerospace & Energy,309.6,-0.89,11.0,A - Strong Edge,Mark-down,[MARKDOWN],Bottom 33%,-2.0,Neutral / Transition Zone,318.75,315.0,322.5,56.0,37.4,0.97,0.27,-0.89,323.04,343.66,323.62,17.0,DOWNTREND,-5.347152159955959,317.17,-2.386732667023994,False,True,+2 Capitulation phase (Mark-down/Distribution); +2 Bottom-33% of 52W range; +2 Dealer gamma <= 0 (short/neutral); +1 Spot below gamma flip; +2 IV Rank >= 50 (premium rich); +1 Below SMA200; +1 DOWNTREND confluence badge,50.66,1.11,0.69,3085
15,PEP,Soft Drinks & Snacks,125.89,0.09,11.0,A - Strong Edge,Mark-down,[MARKDOWN],Bottom 33%,-5.0,Moderate Negative Gamma,129.0,128.0,130.0,56.0,24.7,0.65,0.56,0.23,131.76,137.53,147.62,5.0,DOWNTREND,-2.1301407136748773,128.72,-2.198570540708511,False,True,+2 Capitulation phase (Mark-down/Distribution); +2 Bottom-33% of 52W range; +2 Dealer gamma <= 0 (short/neutral); +1 Spot below gamma flip; +2 IV Rank >= 50 (premium rich); +1 Below SMA200; +1 DOWNTREND confluence badge,50.66,1.11,0.69,3085
16,COF,Financials (Credit Services),194.72,0.71,11.0,A - Strong Edge,Mark-down,[MARKDOWN],Bottom 33%,-2.0,Neutral / Transition Zone,197.5,200.0,195.0,46.0,36.1,1.21,0.4,0.12,202.69,211.6,206.33,17.0,DOWNTREND,-2.7372627372627356,197.64,-1.4774337178708685,False,True,+2 Capitulation phase (Mark-down/Distribution); +2 Bottom-33% of 52W range; +2 Dealer gamma <= 0 (short/neutral); +1 Spot below gamma flip; +2 Volume ratio > 1.2x (capitulation volume); +1 Below SMA200; +1 DOWNTREND confluence badge,50.66,1.11,0.69,3085
17,FE,Electric Utilities,43.34,-0.12,11.0,A - Strong Edge,Mark-down,[MARKDOWN],Bottom 33%,0.0,Neutral / Transition Zone,45.0,44.0,46.0,46.0,20.4,1.34,0.03,-0.12,44.69,46.7,47.44,25.0,DOWNTREND,0.09237875288685693,43.8,-1.0502283105022658,False,True,+2 Capitulation phase (Mark-down/Distribution); +2 Bottom-33% of 52W range; +2 Dealer gamma <= 0 (short/neutral); +1 Spot below gamma flip; +2 Volume ratio > 1.2x (capitulation volume); +1 Below SMA200; +1 DOWNTREND confluence badge,50.66,1.11,0.69,3085
18,XLY,Consumer Disc,110.04,1.0,11.0,A - Strong Edge,Mark-down,[MARKDOWN],Bottom 33%,-1.0,Neutral / Transition Zone,111.25,109.0,113.5,39.0,22.0,1.33,1.82,1.13,,113.55,116.75,,DOWNTREND,-0.4703328509406579,,,False,False,+2 Capitulation phase (Mark-down/Distribution); +2 Bottom-33% of 52W range; +2 Dealer gamma <= 0 (short/neutral); +1 Spot below gamma flip; +2 Volume ratio > 1.2x (capitulation volume); +1 Below SMA200; +1 DOWNTREND confluence badge,50.66,1.11,0.69,3085
19,CELH,Consumer Discretionary (Beverages),26.82,-2.4,11.0,A - Strong Edge,Mark-down,[MARKDOWN],Bottom 33%,-1.0,Neutral / Transition Zone,27.75,27.0,28.5,23.0,51.4,1.26,0.56,-2.16,28.61,29.43,36.68,33.0,DOWNTREND,-4.180064308681663,27.96,-4.077253218884125,False,False,+2 Capitulation phase (Mark-down/Distribution); +2 Bottom-33% of 52W range; +2 Dealer gamma <= 0 (short/neutral); +1 Spot below gamma flip; +2 Volume ratio > 1.2x (capitulation volume); +1 Below SMA200; +1 DOWNTREND confluence badge,50.66,1.11,0.69,3085
20,QBTS,Technology (Quantum Computing),15.88,-4.16,11.0,A - Strong Edge,Mark-down,[MARKDOWN],Bottom 33%,0.0,Neutral / Transition Zone,17.0,16.0,18.0,,64.1,1.27,1.09,-4.1,17.17,18.18,20.89,33.0,DOWNTREND,-8.788052843193562,16.85,-5.756676557863505,True,False,+2 Capitulation phase (Mark-down/Distribution); +2 Bottom-33% of 52W range; +2 Dealer gamma <= 0 (short/neutral); +1 Spot below gamma flip; +2 Volume ratio > 1.2x (capitulation volume); +1 Below SMA200; +1 DOWNTREND confluence badge,50.66,1.11,0.69,3085
21,MDT,Medical Devices,86.88,0.51,10.0,A - Strong Edge,Distribution,[UPTHRUST] (SOW),Bottom 33%,2.0,Neutral / Transition Zone,87.5,87.0,88.0,76.0,30.1,2.87,0.6,0.51,89.34,89.66,88.84,45.0,NEUTRAL,-1.9855595667870096,88.21,-1.5077655594603723,False,True,+2 Capitulation phase (Mark-down/Distribution); +2 Bottom-33% of 52W range; +1 Spot below gamma flip; +2 IV Rank >= 50 (premium rich); +2 Volume ratio > 1.2x (capitulation volume); +1 Below SMA200,50.66,1.11,0.69,3085
22,UPS,Air Freight & Logistics,93.04,-0.97,10.0,A - Strong Edge,Mark-down,[MARKDOWN],Bottom 33%,0.0,Neutral / Transition Zone,93.0,92.0,94.0,62.0,36.8,0.99,0.54,-0.91,97.38,103.26,105.1,24.0,DOWNTREND,-0.9791400595998145,94.86,-1.9186169091292338,False,True,+2 Capitulation phase (Mark-down/Distribution); +2 Bottom-33% of 52W range; +2 Dealer gamma <= 0 (short/neutral); +2 IV Rank >= 50 (premium rich); +1 Below SMA200; +1 DOWNTREND confluence badge,50.66,1.11,0.69,3085
23,IBM,Technology (IT Services/Hardware),222.63,-1.53,10.0,A - Strong Edge,Distribution,[UPTHRUST] (SOW),Bottom 33%,1.0,Neutral / Transition Zone,227.5,225.0,230.0,55.0,43.9,1.36,0.79,-1.33,230.08,230.96,256.8,18.0,NEUTRAL,-1.277105228149522,226.01,-1.4955090482722033,False,True,+2 Capitulation phase (Mark-down/Distribution); +2 Bottom-33% of 52W range; +1 Spot below gamma flip; +2 IV Rank >= 50 (premium rich); +2 Volume ratio > 1.2x (capitulation volume); +1 Below SMA200,50.66,1.11,0.69,3085
24,NKE,"Apparel, Accessories & Luxury Goods",33.84,-0.44,10.0,A - Strong Edge,Distribution,[SOW] (Selling on Supply),Bottom 33%,-2.0,Neutral / Transition Zone,35.0,34.0,36.0,28.0,33.7,3.88,0.83,-3.73,36.63,39.38,49.21,75.0,NEUTRAL,-5.342657342657331,35.83,-5.554005023723119,True,False,+2 Capitulation phase (Mark-down/Distribution); +2 Bottom-33% of 52W range; +2 Dealer gamma <= 0 (short/neutral); +1 Spot below gamma flip; +2 Volume ratio > 1.2x (capitulation volume); +1 Below SMA200,50.66,1.11,0.69,3085
25,CEG,Independent Power Producers,257.49,-0.66,10.0,A - Strong Edge,Mark-down,[MARKDOWN],Bottom 33%,-1.0,Neutral / Transition Zone,255.0,250.0,260.0,26.0,44.3,1.21,2.07,-0.55,266.37,272.16,288.76,34.0,DOWNTREND,-2.195464732024144,261.42,-1.5033279779664954,False,False,+2 Capitulation phase (Mark-down/Distribution); +2 Bottom-33% of 52W range; +2 Dealer gamma <= 0 (short/neutral); +2 Volume ratio > 1.2x (capitulation volume); +1 Below SMA200; +1 DOWNTREND confluence badge,50.66,1.11,0.69,3085
26,VST,Independent Power Producers,142.4,2.01,10.0,A - Strong Edge,Mark-down,[MARKDOWN],Bottom 33%,-1.0,Neutral / Transition Zone,139.5,135.0,144.0,21.0,45.4,2.61,0.83,1.9,140.96,144.91,155.39,34.0,DOWNTREND,2.845587173190811,139.65,1.9692087361260269,False,False,+2 Capitulation phase (Mark-down/Distribution); +2 Bottom-33% of 52W range; +2 Dealer gamma <= 0 (short/neutral); +2 Volume ratio > 1.2x (capitulation volume); +1 Below SMA200; +1 DOWNTREND confluence badge,50.66,1.11,0.69,3085
27,BA,Aerospace & Defense,193.74,0.85,9.0,A - Strong Edge,Mark-down,[MARKDOWN],Bottom 33%,10.0,Extreme Positive Gamma,197.5,200.0,195.0,67.0,37.9,1.57,0.45,0.76,199.65,213.34,220.95,24.0,PINNED,-2.186095824708434,193.2,0.2795031055900621,False,False,+2 Capitulation phase (Mark-down/Distribution); +2 Bottom-33% of 52W range; +1 Spot below gamma flip; +2 IV Rank >= 50 (premium rich); +2 Volume ratio > 1.2x (capitulation volume); +1 Below SMA200; -1 Extreme long gamma (GEX >= +6),50.66,1.11,0.69,3085
28,XLV,Health Care,166.18,-0.01,9.0,A - Strong Edge,Mark-down,[MARKDOWN],Bottom 33%,-3.0,Neutral / Transition Zone,164.75,162.5,167.0,57.0,17.4,0.89,1.35,-0.01,,151.27,152.55,,DOWNTREND,-2.6479203280609154,,,False,False,+2 Capitulation phase (Mark-down/Distribution); +2 Bottom-33% of 52W range; +2 Dealer gamma <= 0 (short/neutral); +2 IV Rank >= 50 (premium rich); +1 DOWNTREND confluence badge,50.66,1.11,0.69,3085
29,CVS,Healthcare_retail,86.57,1.61,9.0,A - Strong Edge,Mark-down,[MARKDOWN],Bottom 33%,3.0,Neutral / Transition Zone,86.0,84.0,88.0,53.0,35.5,1.39,0.12,1.61,89.93,96.27,87.6,32.0,NEUTRAL,-2.872209132727477,87.31,-0.8475546901844155,False,True,+2 Capitulation phase (Mark-down/Distribution); +2 Bottom-33% of 52W range; +2 IV Rank >= 50 (premium rich); +2 Volume ratio > 1.2x (capitulation volume); +1 Below SMA200,50.66,1.11,0.69,3085
30,MOD,Thermal Management / HVAC,178.9,-5.45,9.0,A - Strong Edge,Distribution,[UPTHRUST] (SOW),Bottom 33%,0.0,Neutral / Transition Zone,177.5,175.0,180.0,53.0,,0.95,,-5.45,189.1,196.67,213.21,24.0,NEUTRAL,-9.678396526480526,188.16,-4.921343537414957,False,True,+2 Capitulation phase (Mark-down/Distribution); +2 Bottom-33% of 52W range; +2 Dealer gamma <= 0 (short/neutral); +2 IV Rank >= 50 (premium rich); +1 Below SMA200,50.66,1.11,0.69,3085
31,SO,Utilities (Energy),83.5,0.78,9.0,A - Strong Edge,Mark-down,[MARKDOWN],Bottom 33%,1.0,Neutral / Transition Zone,83.0,78.0,88.0,50.0,18.5,1.21,0.44,0.04,85.45,90.05,92.19,33.0,NEUTRAL,0.7480694980695146,83.77,-0.3223110898889825,False,True,+2 Capitulation phase (Mark-down/Distribution); +2 Bottom-33% of 52W range; +2 IV Rank >= 50 (premium rich); +2 Volume ratio > 1.2x (capitulation volume); +1 Below SMA200,50.66,1.11,0.69,3085
32,HD,Home Improvement Retail,283.55,0.32,9.0,A - Strong Edge,Mark-down,[MARKDOWN],Bottom 33%,-2.0,Neutral / Transition Zone,288.75,285.0,292.5,48.0,27.7,0.96,0.56,0.39,301.33,324.4,339.81,45.0,DOWNTREND,-3.2912687585266,291.29,-2.6571457997184966,False,True,+2 Capitulation phase (Mark-down/Distribution); +2 Bottom-33% of 52W range; +2 Dealer gamma <= 0 (short/neutral); +1 Spot below gamma flip; +1 Below SMA200; +1 DOWNTREND confluence badge,50.66,1.11,0.69,3085
33,SLB,Oil Field Services,48.74,0.16,9.0,A - Strong Edge,Mark-down,[MARKDOWN],Bottom 33%,-1.0,Neutral / Transition Zone,49.5,50.0,49.0,48.0,37.4,0.92,0.06,0.16,52.09,52.87,50.39,20.0,DOWNTREND,-5.432673651532783,50.62,-3.7139470564994004,False,True,+2 Capitulation phase (Mark-down/Distribution); +2 Bottom-33% of 52W range; +2 Dealer gamma <= 0 (short/neutral); +1 Spot below gamma flip; +1 Below SMA200; +1 DOWNTREND confluence badge,50.66,1.11,0.69,3085
34,CBRE,Real Estate Services,129.58,-0.73,9.0,A - Strong Edge,Mark-down,[MARKDOWN],Bottom 33%,-5.0,Moderate Negative Gamma,142.5,135.0,150.0,43.0,34.5,0.93,11.4,-0.73,137.64,144.25,145.44,19.0,DOWNTREND,-3.693794128576733,133.48,-2.9217860353610847,False,True,+2 Capitulation phase (Mark-down/Distribution); +2 Bottom-33% of 52W range; +2 Dealer gamma <= 0 (short/neutral); +1 Spot below gamma flip; +1 Below SMA200; +1 DOWNTREND confluence badge,50.66,1.11,0.69,3085
35,HAL,Oil Field Services,31.85,0.03,9.0,A - Strong Edge,Mark-down,[MARKDOWN],Bottom 33%,0.0,Neutral / Transition Zone,32.0,31.0,33.0,41.0,37.0,0.76,0.23,-0.09,33.57,34.05,35.38,17.0,DOWNTREND,-2.777777777777768,32.58,-2.240638428483721,False,True,+2 Capitulation phase (Mark-down/Distribution); +2 Bottom-33% of 52W range; +2 Dealer gamma <= 0 (short/neutral); +1 Spot below gamma flip; +1 Below SMA200; +1 DOWNTREND confluence badge,50.66,1.11,0.69,3085
36,BEP,Renewable Power / Utilities,28.45,-1.11,9.0,A - Strong Edge,Mark-down,[MARKDOWN],Bottom 33%,0.0,Neutral / Transition Zone,30.0,30.0,30.0,33.0,27.9,0.82,0.21,0.11,29.5,31.71,31.93,32.0,DOWNTREND,0.3527336860670083,28.6,-0.5244755244755317,False,False,+2 Capitulation phase (Mark-down/Distribution); +2 Bottom-33% of 52W range; +2 Dealer gamma <= 0 (short/neutral); +1 Spot below gamma flip; +1 Below SMA200; +1 DOWNTREND confluence badge,50.66,1.11,0.69,3085
37,D,Electric Utilities,61.31,0.91,9.0,A - Strong Edge,Mark-down,[MARKDOWN],Bottom 33%,0.0,Neutral / Transition Zone,63.75,62.5,65.0,31.0,19.4,0.76,0.94,0.91,62.77,66.54,64.33,27.0,DOWNTREND,1.0382333553065282,61.27,0.06528480496164057,False,False,+2 Capitulation phase (Mark-down/Distribution); +2 Bottom-33% of 52W range; +2 Dealer gamma <= 0 (short/neutral); +1 Spot below gamma flip; +1 Below SMA200; +1 DOWNTREND confluence badge,50.66,1.11,0.69,3085
38,SOFI,Financials (Digital Banking),15.75,-0.51,9.0,A - Strong Edge,Mark-down,[MARKDOWN],Bottom 33%,-1.0,Neutral / Transition Zone,16.0,16.0,16.0,22.0,53.9,1.11,0.38,-0.57,16.82,17.54,19.11,24.0,DOWNTREND,-5.006031363088049,16.28,-3.2555282555282616,False,False,+2 Capitulation phase (Mark-down/Distribution); +2 Bottom-33% of 52W range; +2 Dealer gamma <= 0 (short/neutral); +1 Spot below gamma flip; +1 Below SMA200; +1 DOWNTREND confluence badge,50.66,1.11,0.69,3085
39,CCJ,Uranium Mining & Nuclear Fuel,85.18,-1.61,9.0,A - Strong Edge,Mark-down,[MARKDOWN],Bottom 33%,-2.0,Neutral / Transition Zone,89.0,86.0,92.0,18.0,46.2,1.0,0.9,-0.6,91.73,94.84,105.76,32.0,DOWNTREND,-3.28148064039967,88.54,-3.794894962728712,False,False,+2 Capitulation phase (Mark-down/Distribution); +2 Bottom-33% of 52W range; +2 Dealer gamma <= 0 (short/neutral); +1 Spot below gamma flip; +1 Below SMA200; +1 DOWNTREND confluence badge,50.66,1.11,0.69,3085
40,QNT,Technology (Quantum Computing),46.38,-1.19,9.0,A - Strong Edge,Mark-down,[MARKDOWN],Bottom 33%,-1.0,Neutral / Transition Zone,50.0,45.0,55.0,17.0,80.9,1.12,0.58,-0.64,,53.65,58.45,38.0,DOWNTREND,-6.359781950333132,,,False,False,+2 Capitulation phase (Mark-down/Distribution); +2 Bottom-33% of 52W range; +2 Dealer gamma <= 0 (short/neutral); +1 Spot below gamma flip; +1 Below SMA200; +1 DOWNTREND confluence badge,50.66,1.11,0.69,3085
41,WDC,Storage Solutions,416.5,-9.7,9.0,A - Strong Edge,Mark-down,[MARKDOWN],Bottom 33%,-10.0,Extreme Negative Gamma,417.5,405.0,430.0,15.0,68.4,3.71,0.77,-9.96,454.86,472.78,396.04,26.0,[!] HIGH VOL RISK,-8.824237648037482,454.71,-8.403158056783443,True,False,+2 Capitulation phase (Mark-down/Distribution); +2 Bottom-33% of 52W range; +2 Dealer gamma <= 0 (short/neutral); +1 Spot below gamma flip; +2 Volume ratio > 1.2x (capitulation volume),50.66,1.11,0.69,3085
42,NVO,Pharmaceuticals,37.29,-0.29,9.0,A - Strong Edge,Mark-down,[MARKDOWN],Bottom 33%,-1.0,Neutral / Transition Zone,37.75,37.0,38.5,9.0,32.3,0.74,1.17,-0.29,41.07,45.34,45.84,32.0,DOWNTREND,-3.891752577319585,38.96,-4.286447638603697,False,False,+2 Capitulation phase (Mark-down/Distribution); +2 Bottom-33% of 52W range; +2 Dealer gamma <= 0 (short/neutral); +1 Spot below gamma flip; +1 Below SMA200; +1 DOWNTREND confluence badge,50.66,1.11,0.69,3085
43,SMR,Small Modular Nuclear Reactors,7.78,-0.38,9.0,A - Strong Edge,Mark-down,[MARKDOWN],Bottom 33%,0.0,Neutral / Transition Zone,8.0,8.0,8.0,7.0,75.2,0.69,0.47,-0.13,8.62,9.06,12.11,33.0,DOWNTREND,-7.600950118764837,8.19,-5.006105006104999,True,False,+2 Capitulation phase (Mark-down/Distribution); +2 Bottom-33% of 52W range; +2 Dealer gamma <= 0 (short/neutral); +1 Spot below gamma flip; +1 Below SMA200; +1 DOWNTREND confluence badge,50.66,1.11,0.69,3085
44,QUBT,Technology (Quantum Computing),8.2,-2.61,9.0,A - Strong Edge,Mark-down,[MARKDOWN],Bottom 33%,0.0,Neutral / Transition Zone,8.5,8.5,8.5,3.0,62.1,1.05,0.4,-2.3,8.52,8.4,9.24,41.0,DOWNTREND,-8.482142857142872,8.59,-4.54016298020955,False,False,+2 Capitulation phase (Mark-down/Distribution); +2 Bottom-33% of 52W range; +2 Dealer gamma <= 0 (short/neutral); +1 Spot below gamma flip; +1 Below SMA200; +1 DOWNTREND confluence badge,50.66,1.11,0.69,3085
45,RGTI,Technology (Quantum Computing),15.32,-1.92,9.0,A - Strong Edge,Mark-down,[MARKDOWN],Bottom 33%,0.0,Neutral / Transition Zone,16.0,15.0,17.0,3.0,67.8,0.82,0.29,-1.92,15.92,16.13,18.42,37.0,DOWNTREND,-8.04321728691476,15.9,-3.647798742138364,False,False,+2 Capitulation phase (Mark-down/Distribution); +2 Bottom-33% of 52W range; +2 Dealer gamma <= 0 (short/neutral); +1 Spot below gamma flip; +1 Below SMA200; +1 DOWNTREND confluence badge,50.66,1.11,0.69,3085
46,BG,Materials (Mining/Construction),106.72,0.1,9.0,A - Strong Edge,Mark-down,[MARKDOWN],Bottom 33%,-2.0,Neutral / Transition Zone,112.5,105.0,120.0,,,,,,,,,,DOWNTREND,-2.091743119266054,,,False,False,+2 Capitulation phase (Mark-down/Distribution); +2 Bottom-33% of 52W range; +2 Dealer gamma <= 0 (short/neutral); +1 Spot below gamma flip; +1 Below SMA200; +1 DOWNTREND confluence badge,50.66,1.11,0.69,3085
47,DUK,Electric Utilities,114.13,0.34,9.0,A - Strong Edge,Mark-down,[MARKDOWN],Bottom 33%,-1.0,Neutral / Transition Zone,117.5,115.0,120.0,,,,,,,,,,DOWNTREND,0.6881340979267847,,,False,False,+2 Capitulation phase (Mark-down/Distribution); +2 Bottom-33% of 52W range; +2 Dealer gamma <= 0 (short/neutral); +1 Spot below gamma flip; +1 Below SMA200; +1 DOWNTREND confluence badge,50.66,1.11,0.69,3085
48,F,Automobile Manufacturers,12.1,-1.39,9.0,A - Strong Edge,Mark-down,[MARKDOWN],Bottom 33%,-1.0,Neutral / Transition Zone,12.25,12.0,12.5,,,,,,,,,,DOWNTREND,-4.799370574350914,,,False,False,+2 Capitulation phase (Mark-down/Distribution); +2 Bottom-33% of 52W range; +2 Dealer gamma <= 0 (short/neutral); +1 Spot below gamma flip; +1 Below SMA200; +1 DOWNTREND confluence badge,50.66,1.11,0.69,3085
49,ICE,Financial Infrastructure & Exchanges,150.15,-0.87,9.0,A - Strong Edge,Mark-down,[MARKDOWN],Bottom 33%,-1.0,Neutral / Transition Zone,156.25,150.0,162.5,,,,,,,,,,DOWNTREND,-2.695871946082562,,,False,False,+2 Capitulation phase (Mark-down/Distribution); +2 Bottom-33% of 52W range; +2 Dealer gamma <= 0 (short/neutral); +1 Spot below gamma flip; +1 Below SMA200; +1 DOWNTREND confluence badge,50.66,1.11,0.69,3085
50,MA,Transaction Processing Services,552.26,0.41,9.0,A - Strong Edge,Mark-down,[MARKDOWN],Bottom 33%,-4.0,Moderate Negative Gamma,555.0,545.0,565.0,,,,,,,,,,DOWNTREND,-2.711177662291908,,,False,False,+2 Capitulation phase (Mark-down/Distribution); +2 Bottom-33% of 52W range; +2 Dealer gamma <= 0 (short/neutral); +1 Spot below gamma flip; +1 Below SMA200; +1 DOWNTREND confluence badge,50.66,1.11,0.69,3085
51,OKLO,Nuclear Energy / Advanced Reactors,35.94,-0.83,9.0,A - Strong Edge,Mark-down,[MARKDOWN],Bottom 33%,-1.0,Neutral / Transition Zone,38.5,37.0,40.0,,64.5,0.96,0.37,-0.55,38.64,41.08,60.27,38.0,DOWNTREND,-5.520504731861198,37.55,-4.287616511318237,False,False,+2 Capitulation phase (Mark-down/Distribution); +2 Bottom-33% of 52W range; +2 Dealer gamma <= 0 (short/neutral); +1 Spot below gamma flip; +1 Below SMA200; +1 DOWNTREND confluence badge,50.66,1.11,0.69,3085
52,SPG,Retail REIT / Malls,200.95,0.07,9.0,A - Strong Edge,Mark-down,[MARKDOWN],Bottom 33%,-4.0,Moderate Negative Gamma,205.0,200.0,210.0,,,,,,,,,,DOWNTREND,-1.8894639195391139,,,False,False,+2 Capitulation phase (Mark-down/Distribution); +2 Bottom-33% of 52W range; +2 Dealer gamma <= 0 (short/neutral); +1 Spot below gamma flip; +1 Below SMA200; +1 DOWNTREND confluence badge,50.66,1.11,0.69,3085
53,CMCSA,Media & Broadband Services,21.57,-0.78,8.0,A - Strong Edge,Mark-down,[MARKDOWN],Bottom 33%,1.0,Neutral / Transition Zone,21.75,21.5,22.0,77.0,39.1,0.67,0.42,-0.6,23.29,24.78,26.77,19.0,NEUTRAL,-1.5518028297580977,22.21,-2.8815848716794212,False,True,+2 Capitulation phase (Mark-down/Distribution); +2 Bottom-33% of 52W range; +1 Spot below gamma flip; +2 IV Rank >= 50 (premium rich); +1 Below SMA200,50.66,1.11,0.69,3085
54,FDX,Air Freight & Logistics,290.36,1.85,8.0,A - Strong Edge,Mark-down,[MARKDOWN],Bottom 33%,1.0,Neutral / Transition Zone,295.0,290.0,300.0,69.0,38.6,0.87,0.7,1.15,299.28,315.14,298.15,25.0,NEUTRAL,1.5777505684799742,290.32,0.013777900248013175,False,False,+2 Capitulation phase (Mark-down/Distribution); +2 Bottom-33% of 52W range; +1 Spot below gamma flip; +2 IV Rank >= 50 (premium rich); +1 Below SMA200,50.66,1.11,0.69,3085
55,KO,Soft Drinks & Beverages,85.77,-0.59,8.0,A - Strong Edge,Mark-down,[MARKDOWN],Bottom 33%,8.0,Extreme Positive Gamma,86.5,86.0,87.0,64.0,20.9,1.31,0.52,-0.38,87.51,87.69,79.78,24.0,PINNED,-2.3231978134608866,87.09,-1.515673441267662,False,True,+2 Capitulation phase (Mark-down/Distribution); +2 Bottom-33% of 52W range; +1 Spot below gamma flip; +2 IV Rank >= 50 (premium rich); +2 Volume ratio > 1.2x (capitulation volume); -1 Extreme long gamma (GEX >= +6),50.66,1.11,0.69,3085
56,XLU,Utilities,39.91,0.66,8.0,A - Strong Edge,Distribution,[UPTHRUST] (SOW),Bottom 33%,10.0,Extreme Positive Gamma,39.75,39.5,40.0,64.0,19.3,2.3,0.07,0.58,,45.94,44.33,,PINNED,1.012401923563644,,,False,False,+2 Capitulation phase (Mark-down/Distribution); +2 Bottom-33% of 52W range; +2 IV Rank >= 50 (premium rich); +2 Volume ratio > 1.2x (capitulation volume); +1 Below SMA200; -1 Extreme long gamma (GEX >= +6),50.66,1.11,0.69,3085
57,MCD,Restaurants & Hospitality,232.3,0.19,8.0,A - Strong Edge,Mark-down,[MARKDOWN],Bottom 33%,2.0,Neutral / Transition Zone,233.75,230.0,237.5,54.0,22.3,1.07,0.35,0.2,245.17,261.16,291.07,32.0,NEUTRAL,-1.7758985200845623,237.27,-2.094660091878453,False,True,+2 Capitulation phase (Mark-down/Distribution); +2 Bottom-33% of 52W range; +1 Spot below gamma flip; +2 IV Rank >= 50 (premium rich); +1 Below SMA200,50.66,1.11,0.69,3085
58,PM,Tobacco Products,187.46,-1.08,8.0,A - Strong Edge,Mark-down,[DOWNTREND],Middle,-1.0,Neutral / Transition Zone,190.0,185.0,195.0,54.0,30.6,0.71,0.48,-0.38,190.34,190.12,177.39,17.0,DOWNTREND,-1.5854682906341733,190.79,-1.7453744955186257,False,True,+2 Capitulation phase (Mark-down/Distribution); +2 Dealer gamma <= 0 (short/neutral); +1 Spot below gamma flip; +2 IV Rank >= 50 (premium rich); +1 DOWNTREND confluence badge,50.66,1.11,0.69,3085
59,INTU,Application Software,281.08,-0.44,8.0,A - Strong Edge,Mark-down,[MARKDOWN],Bottom 33%,-2.0,Neutral / Transition Zone,271.25,265.0,277.5,48.0,46.4,0.74,0.71,-0.6,300.44,323.7,399.53,47.0,DOWNTREND,1.9181261104463498,283.87,-0.9828442596963471,False,True,+2 Capitulation phase (Mark-down/Distribution); +2 Bottom-33% of 52W range; +2 Dealer gamma <= 0 (short/neutral); +1 Below SMA200; +1 DOWNTREND confluence badge,50.66,1.11,0.69,3085
60,BAC,Diversified Banking,53.78,0.17,8.0,A - Strong Edge,Mark-down,[MARKDOWN],Bottom 33%,-10.0,Extreme Negative Gamma,55.0,54.0,56.0,46.0,27.9,0.92,0.9,0.09,57.74,61.31,55.32,11.0,[!] HIGH VOL RISK,-5.14991181657849,55.74,-3.5163257983494844,False,True,+2 Capitulation phase (Mark-down/Distribution); +2 Bottom-33% of 52W range; +2 Dealer gamma <= 0 (short/neutral); +1 Spot below gamma flip; +1 Below SMA200,50.66,1.11,0.69,3085
61,WFC,Diversified Banking,80.4,0.25,8.0,A - Strong Edge,Mark-down,[MARKDOWN],Bottom 33%,-3.0,Neutral / Transition Zone,80.0,80.0,80.0,44.0,30.7,0.71,0.43,0.19,84.2,86.56,84.94,11.0,DOWNTREND,-3.097505122333366,82.09,-2.058716043367037,False,True,+2 Capitulation phase (Mark-down/Distribution); +2 Bottom-33% of 52W range; +2 Dealer gamma <= 0 (short/neutral); +1 Below SMA200; +1 DOWNTREND confluence badge,50.66,1.11,0.69,3085
62,MOH,Healthcare (Insurance),189.54,4.81,8.0,A - Strong Edge,Mark-down,[MARKDOWN],Bottom 33%,-3.0,Neutral / Transition Zone,192.5,185.0,200.0,41.0,51.1,1.04,0.4,4.8,194.96,200.01,181.41,18.0,DOWNTREND,-0.6916064130776611,190.25,-0.37319316688567694,False,True,+2 Capitulation phase (Mark-down/Distribution); +2 Bottom-33% of 52W range; +2 Dealer gamma <= 0 (short/neutral); +1 Spot below gamma flip; +1 DOWNTREND confluence badge,50.66,1.11,0.69,3085
63,XLF,Financials,53.49,0.09,8.0,A - Strong Edge,Mark-down,[MARKDOWN],Bottom 33%,-2.0,Neutral / Transition Zone,54.25,54.0,54.5,27.0,16.9,0.8,1.78,0.06,,50.68,52.78,,DOWNTREND,-2.4617067833698103,,,False,False,+2 Capitulation phase (Mark-down/Distribution); +2 Bottom-33% of 52W range; +2 Dealer gamma <= 0 (short/neutral); +1 Spot below gamma flip; +1 DOWNTREND confluence badge,50.66,1.11,0.69,3085
64,STX,Hard Disk Drives,847.26,-10.35,8.0,A - Strong Edge,Mark-down,[DOWNTREND],Middle,-4.0,Moderate Negative Gamma,870.0,840.0,900.0,25.0,70.5,3.65,0.7,-10.4,882.46,854.64,641.53,24.0,DOWNTREND,-7.5881024835574795,909.32,-6.824880130207189,True,False,+2 Capitulation phase (Mark-down/Distribution); +2 Dealer gamma <= 0 (short/neutral); +1 Spot below gamma flip; +2 Volume ratio > 1.2x (capitulation volume); +1 DOWNTREND confluence badge,50.66,1.11,0.69,3085
65,VRTX,Biotechnology,504.73,-0.84,8.0,A - Strong Edge,Mark-down,[MARKDOWN],Bottom 33%,-2.0,Neutral / Transition Zone,522.5,525.0,520.0,24.0,28.5,0.91,1.36,-0.4,521.46,516.07,472.72,30.0,DOWNTREND,-4.078374731560852,519.27,-2.8000847343385815,False,False,+2 Capitulation phase (Mark-down/Distribution); +2 Bottom-33% of 52W range; +2 Dealer gamma <= 0 (short/neutral); +1 Spot below gamma flip; +1 DOWNTREND confluence badge,50.66,1.11,0.69,3085
66,DIS,Broadcasting & Entertainment,102.19,0.86,8.0,A - Strong Edge,Mark-down,[MARKDOWN],Bottom 33%,-1.0,Neutral / Transition Zone,102.0,100.0,104.0,20.0,23.6,0.78,0.61,0.85,104.98,103.83,103.98,40.0,DOWNTREND,-3.730569948186535,104.43,-2.1449774968878788,False,False,+2 Capitulation phase (Mark-down/Distribution); +2 Bottom-33% of 52W range; +2 Dealer gamma <= 0 (short/neutral); +1 Below SMA200; +1 DOWNTREND confluence badge,50.66,1.11,0.69,3085
67,GS,Investment Banking & Capital Markets,902.56,0.66,8.0,A - Strong Edge,Mark-down,[MARKDOWN],Bottom 33%,-10.0,Extreme Negative Gamma,910.0,890.0,930.0,,,,,,,,,,[!] HIGH VOL RISK,-3.5159548880218217,,,False,False,+2 Capitulation phase (Mark-down/Distribution); +2 Bottom-33% of 52W range; +2 Dealer gamma <= 0 (short/neutral); +1 Spot below gamma flip; +1 Below SMA200,50.66,1.11,0.69,3085
68,NUE,Steel Production & Recycling,240.39,1.87,8.0,A - Strong Edge,Mark-down,[MARKDOWN],Bottom 33%,-1.0,Neutral / Transition Zone,240.0,230.0,250.0,,,,,,,,,,DOWNTREND,-2.7745197168857483,,,False,False,+2 Capitulation phase (Mark-down/Distribution); +2 Bottom-33% of 52W range; +2 Dealer gamma <= 0 (short/neutral); +1 Below SMA200; +1 DOWNTREND confluence badge,50.66,1.11,0.69,3085
69,SPGI,Financial Information & Analytics,386.27,-0.49,8.0,A - Strong Edge,Distribution,[UPTHRUST] (SOW),Bottom 33%,-3.0,Neutral / Transition Zone,410.0,390.0,430.0,,,,,,,,,,NEUTRAL,-4.222663030002483,,,False,False,+2 Capitulation phase (Mark-down/Distribution); +2 Bottom-33% of 52W range; +2 Dealer gamma <= 0 (short/neutral); +1 Spot below gamma flip; +1 Below SMA200,50.66,1.11,0.69,3085
70,V,Transaction Processing Services,360.66,0.23,8.0,A - Strong Edge,Mark-down,[MARKDOWN],Bottom 33%,-5.0,Moderate Negative Gamma,357.5,355.0,360.0,,,,,,,,,,DOWNTREND,-1.8291687081495867,,,False,False,+2 Capitulation phase (Mark-down/Distribution); +2 Bottom-33% of 52W range; +2 Dealer gamma <= 0 (short/neutral); +1 Below SMA200; +1 DOWNTREND confluence badge,50.66,1.11,0.69,3085
71,BMY,Pharmaceuticals,61.17,-0.7,7.0,B - Edge,Distribution,[UPTHRUST] (SOW),Bottom 33%,1.0,Neutral / Transition Zone,62.0,59.0,65.0,75.0,36.2,0.86,0.45,-0.47,63.33,64.47,59.26,26.0,NEUTRAL,-2.6885141584473415,62.55,-2.2062350119903984,False,True,+2 Capitulation phase (Mark-down/Distribution); +2 Bottom-33% of 52W range; +1 Spot below gamma flip; +2 IV Rank >= 50 (premium rich),50.33,0.41,0.2,2104
72,SYK,Medical Devices / Orthopedics,275.43,0.9,7.0,B - Edge,Mark-down,[MARKDOWN],Bottom 33%,1.0,Neutral / Transition Zone,275.0,270.0,280.0,62.0,31.9,0.63,0.94,0.9,283.53,313.59,331.39,26.0,NEUTRAL,1.1271846086062576,275.12,0.11267810410002799,False,False,+2 Capitulation phase (Mark-down/Distribution); +2 Bottom-33% of 52W range; +2 IV Rank >= 50 (premium rich); +1 Below SMA200,50.33,0.41,0.2,2104
73,UNH,Healthcare (Insurance),371.9,1.75,7.0,B - Edge,Mark-down,[MARKDOWN],Bottom 33%,-10.0,Extreme Negative Gamma,375.0,370.0,380.0,49.0,40.0,0.65,0.92,1.83,378.87,397.48,355.93,10.0,[!] HIGH VOL RISK,-1.2453862290554674,372.8,-0.24141630901288735,False,True,+2 Capitulation phase (Mark-down/Distribution); +2 Bottom-33% of 52W range; +2 Dealer gamma <= 0 (short/neutral); +1 Spot below gamma flip,50.33,0.41,0.2,2104
74,C,Financials (Banking),128.52,1.08,7.0,B - Edge,Mark-down,[MARKDOWN],Bottom 33%,-3.0,Neutral / Transition Zone,128.0,125.0,131.0,38.0,31.9,0.77,0.43,1.2,132.72,134.17,125.63,10.0,DOWNTREND,-4.289544235924925,131.02,-1.90810563272783,False,False,+2 Capitulation phase (Mark-down/Distribution); +2 Bottom-33% of 52W range; +2 Dealer gamma <= 0 (short/neutral); +1 DOWNTREND confluence badge,50.33,0.41,0.2,2104
75,DIA,Dow Jones Industrial Average Index,512.17,0.69,7.0,B - Edge,Mark-down,[MARKDOWN],Bottom 33%,-10.0,Extreme Negative Gamma,514.5,508.0,521.0,20.0,13.6,1.15,1.17,0.7,,478.62,466.79,,[!] HIGH VOL RISK,-1.028039189163088,,,False,False,+2 Capitulation phase (Mark-down/Distribution); +2 Bottom-33% of 52W range; +2 Dealer gamma <= 0 (short/neutral); +1 Spot below gamma flip,50.33,0.41,0.2,2104
76,SE,Consumer Discretionary (E-commerce/Gaming),95.19,-0.12,7.0,B - Edge,Distribution,[SOW] (Selling on Supply),Bottom 33%,0.0,Neutral / Transition Zone,94.0,95.0,93.0,18.0,44.3,1.11,0.51,-0.08,103.63,110.72,103.31,38.0,NEUTRAL,-4.3797086891009585,99.52,-4.350884244372988,False,False,+2 Capitulation phase (Mark-down/Distribution); +2 Bottom-33% of 52W range; +2 Dealer gamma <= 0 (short/neutral); +1 Below SMA200,50.33,0.41,0.2,2104
77,LLY,Pharmaceuticals,1142.85,-0.61,7.0,B - Edge,Mark-down,[MARKDOWN],Bottom 33%,-10.0,Extreme Negative Gamma,1140.0,1130.0,1150.0,,,,,,,,,,[!] HIGH VOL RISK,-3.4314636743109306,,,False,False,+2 Capitulation phase (Mark-down/Distribution); +2 Bottom-33% of 52W range; +2 Dealer gamma <= 0 (short/neutral); +1 Below SMA200,50.33,0.41,0.2,2104
78,CMG,Restaurants,32.36,-0.12,6.0,B - Edge,Distribution,[UPTHRUST] (SOW),Bottom 33%,10.0,Extreme Positive Gamma,32.25,31.5,33.0,64.0,46.8,1.09,0.36,0.12,33.59,34.7,34.92,25.0,PINNED,3.2875837855091072,32.47,-0.33877425315675946,False,True,+2 Capitulation phase (Mark-down/Distribution); +2 Bottom-33% of 52W range; +2 IV Rank >= 50 (premium rich); +1 Below SMA200; -1 Extreme long gamma (GEX >= +6),50.33,0.41,0.2,2104
79,PG,Household & Personal Products,144.91,0.53,6.0,B - Edge,Mark-down,[DOWNTREND],Middle,4.0,Moderate Positive Gamma,145.0,145.0,145.0,59.0,24.0,0.79,0.56,0.67,146.2,145.94,147.62,19.0,NEUTRAL,-0.9026875470149687,146.27,-0.929787379503666,False,True,+2 Capitulation phase (Mark-down/Distribution); +1 Spot below gamma flip; +2 IV Rank >= 50 (premium rich); +1 Below SMA200,50.33,0.41,0.2,2104
80,EOG,Oil & Gas Exploration & Production,141.38,0.05,6.0,B - Edge,Mark-down,[MARKDOWN],Bottom 33%,1.0,Neutral / Transition Zone,140.5,140.0,141.0,54.0,31.9,1.08,0.8,0.05,142.97,144.59,131.53,33.0,NEUTRAL,0.7338795867474213,141.16,0.15585151601020808,False,False,+2 Capitulation phase (Mark-down/Distribution); +2 Bottom-33% of 52W range; +2 IV Rank >= 50 (premium rich),50.33,0.41,0.2,2104
81,GD,Marine Systems & Combat Vehicles,330.09,-0.79,6.0,B - Edge,Distribution,[UPTHRUST] (SOW),Bottom 33%,1.0,Neutral / Transition Zone,333.75,330.0,337.5,48.0,24.2,1.08,0.39,-0.79,348.78,372.07,355.34,20.0,NEUTRAL,-1.9689950106913878,338.35,-2.4412590512782772,False,True,+2 Capitulation phase (Mark-down/Distribution); +2 Bottom-33% of 52W range; +1 Spot below gamma flip; +1 Below SMA200,50.33,0.41,0.2,2104
82,SBUX,Restaurants / Specialty Coffee,94.71,-0.18,6.0,B - Edge,Mark-down,[MARKDOWN],Bottom 33%,1.0,Neutral / Transition Zone,96.5,95.0,98.0,47.0,34.7,0.93,0.66,-0.18,97.53,102.86,98.61,32.0,NEUTRAL,-0.15812776723592714,95.24,-0.5564888702225934,False,True,+2 Capitulation phase (Mark-down/Distribution); +2 Bottom-33% of 52W range; +1 Spot below gamma flip; +1 Below SMA200,50.33,0.41,0.2,2104
83,XLP,Consumer Staples,80.53,0.26,6.0,B - Edge,Mark-down,[MARKDOWN],Bottom 33%,2.0,Neutral / Transition Zone,81.0,80.0,82.0,46.0,15.1,0.85,0.98,0.25,,84.6,81.86,,NEUTRAL,-1.8644893980014676,,,False,False,+2 Capitulation phase (Mark-down/Distribution); +2 Bottom-33% of 52W range; +1 Spot below gamma flip; +1 Below SMA200,50.33,0.41,0.2,2104
84,ADBE,Application Software,237.69,-1.43,6.0,B - Edge,Mark-down,[MARKDOWN],Bottom 33%,1.0,Neutral / Transition Zone,243.75,230.0,257.5,38.0,37.9,0.56,0.79,-1.49,248.22,257.26,261.57,67.0,NEUTRAL,0.9427952605427503,240.55,-1.1889420078985746,False,False,+2 Capitulation phase (Mark-down/Distribution); +2 Bottom-33% of 52W range; +1 Spot below gamma flip; +1 Below SMA200,50.33,0.41,0.2,2104
85,XLRE,Real Estate,40.81,0.15,6.0,B - Edge,Distribution,[UPTHRUST] (SOW),Bottom 33%,1.0,Neutral / Transition Zone,43.0,42.0,44.0,37.0,15.2,1.09,1.75,0.32,,42.32,42.29,,NEUTRAL,-1.8046198267564928,,,False,False,+2 Capitulation phase (Mark-down/Distribution); +2 Bottom-33% of 52W range; +1 Spot below gamma flip; +1 Below SMA200,50.33,0.41,0.2,2104
86,UBER,Ride-Hailing & Logistics Platform,68.06,0.19,6.0,B - Edge,Mark-down,[MARKDOWN],Bottom 33%,1.0,Neutral / Transition Zone,70.5,70.0,71.0,29.0,35.1,0.83,0.61,0.27,70.91,73.16,74.97,31.0,NEUTRAL,-2.240735420856077,69.25,-1.718411552346566,False,False,+2 Capitulation phase (Mark-down/Distribution); +2 Bottom-33% of 52W range; +1 Spot below gamma flip; +1 Below SMA200,50.33,0.41,0.2,2104
87,WMT,Consumer Staples (Retail),104.28,-0.09,6.0,B - Edge,Mark-down,[MARKDOWN],Bottom 33%,1.0,Neutral / Transition Zone,105.5,105.0,106.0,21.0,22.5,1.04,0.42,0.02,107.24,109.17,118.5,47.0,NEUTRAL,-3.4265604741618882,106.57,-2.1488223702730513,False,False,+2 Capitulation phase (Mark-down/Distribution); +2 Bottom-33% of 52W range; +1 Spot below gamma flip; +1 Below SMA200,50.33,0.41,0.2,2104
88,BLK,Asset Management,1059.63,-0.44,6.0,B - Edge,Mark-down,[DOWNTREND],Middle,-3.0,Neutral / Transition Zone,1040.0,1040.0,1040.0,,,,,,,,,,DOWNTREND,-2.456020841196327,,,False,False,+2 Capitulation phase (Mark-down/Distribution); +2 Dealer gamma <= 0 (short/neutral); +1 Below SMA200; +1 DOWNTREND confluence badge,50.33,0.41,0.2,2104
89,CRH,Building Materials & Construction,81.94,0.29,6.0,B - Edge,Distribution,[UPTHRUST] (SOW),Bottom 33%,1.0,Neutral / Transition Zone,84.5,85.0,84.0,,,,,,,,,,NEUTRAL,-3.6453433678269143,,,False,False,+2 Capitulation phase (Mark-down/Distribution); +2 Bottom-33% of 52W range; +1 Spot below gamma flip; +1 Below SMA200,50.33,0.41,0.2,2104
90,NEE,Electric Utilities / Renewable Power,76.83,0.63,6.0,B - Edge,Mark-down,[MARKDOWN],Bottom 33%,3.0,Neutral / Transition Zone,77.5,78.0,77.0,,,,,,,,,,NEUTRAL,0.9858044164037905,,,False,False,+2 Capitulation phase (Mark-down/Distribution); +2 Bottom-33% of 52W range; +1 Spot below gamma flip; +1 Below SMA200,50.33,0.41,0.2,2104
91,TTWO,Interactive Home Entertainment,202.73,-0.44,6.0,B - Edge,Mark-down,[MARKDOWN],Bottom 33%,1.0,Neutral / Transition Zone,206.25,205.0,207.5,,,,,,,,,,NEUTRAL,0.6403891977760034,,,False,False,+2 Capitulation phase (Mark-down/Distribution); +2 Bottom-33% of 52W range; +1 Spot below gamma flip; +1 Below SMA200,50.33,0.41,0.2,2104
92,DCO,Technology (Quantum Computing),175.39,2.01,5.0,C - Marginal,Mark-down,[DOWNTREND],Top 33%,0.0,Neutral / Transition Zone,175.0,170.0,180.0,69.0,53.3,0.68,0.05,2.01,171.93,180.12,145.5,33.0,DOWNTREND,1.8820795817600766,170.87,2.6452858898577736,False,False,+2 Capitulation phase (Mark-down/Distribution); +2 Dealer gamma <= 0 (short/neutral); +2 IV Rank >= 50 (premium rich); +1 DOWNTREND confluence badge; -2 Top-33% of range,49.58,0.09,-0.11,2122
93,PYPL,Financials (Digital Payments),52.76,-0.77,5.0,C - Marginal,Mark-down,[DOWNTREND],Middle,1.0,Neutral / Transition Zone,54.0,53.0,55.0,60.0,44.3,0.72,0.57,-0.57,53.97,56.69,50.38,24.0,NEUTRAL,-4.142441860465118,53.34,-1.0873640794900719,False,True,+2 Capitulation phase (Mark-down/Distribution); +1 Spot below gamma flip; +2 IV Rank >= 50 (premium rich),49.58,0.09,-0.11,2122
94,ATEN,Information Technology,27.63,0.11,5.0,C - Marginal,Mark-down,[DOWNTREND],Top 33%,0.0,Neutral / Transition Zone,27.5,25.0,30.0,57.0,48.9,0.87,0.11,0.11,26.33,27.52,25.5,31.0,DOWNTREND,7.38437621453556,26.49,4.303510758776907,False,False,+2 Capitulation phase (Mark-down/Distribution); +2 Dealer gamma <= 0 (short/neutral); +2 IV Rank >= 50 (premium rich); +1 DOWNTREND confluence badge; -2 Top-33% of range,49.58,0.09,-0.11,2122
95,GILD,Healthcare (Biopharmaceuticals),144.74,-1.87,5.0,C - Marginal,Mark-up,[UPTREND],Bottom 33%,-1.0,Neutral / Transition Zone,147.5,146.0,149.0,54.0,31.9,0.86,0.81,-1.87,148.34,142.2,136.31,26.0,NEUTRAL,-4.10123898495991,149.69,-3.3068341238559618,False,True,+2 Bottom-33% of 52W range; +2 Dealer gamma <= 0 (short/neutral); +1 Spot below gamma flip; +2 IV Rank >= 50 (premium rich); -2 Mark-up phase,49.58,0.09,-0.11,2122
96,APD,Industrial Gases,277.57,1.67,5.0,C - Marginal,Mark-down,[MARKDOWN],Bottom 33%,1.0,Neutral / Transition Zone,275.0,270.0,280.0,31.0,26.2,0.86,0.21,1.55,285.05,296.94,285.2,33.0,NEUTRAL,-1.48708120386144,279.18,-0.5766888745612153,False,False,+2 Capitulation phase (Mark-down/Distribution); +2 Bottom-33% of 52W range; +1 Below SMA200,49.58,0.09,-0.11,2122
97,TGT,General Merchandise Retail,156.0,-0.19,5.0,C - Marginal,Mark-up,[UPTREND],Bottom 33%,-1.0,Neutral / Transition Zone,156.25,155.0,157.5,3.0,28.2,1.29,1.36,-0.45,157.49,154.51,127.92,46.0,NEUTRAL,-0.9209272785011047,157.17,-0.7444168734491274,False,False,+2 Bottom-33% of 52W range; +2 Dealer gamma <= 0 (short/neutral); +1 Spot below gamma flip; +2 Volume ratio > 1.2x (capitulation volume); -2 Mark-up phase,49.58,0.09,-0.11,2122
98,VZ,Telecommunications Providers,45.92,-0.13,5.0,C - Marginal,Mark-down,[MARKDOWN],Bottom 33%,1.0,Neutral / Transition Zone,45.5,45.0,46.0,,,,,,,,,,NEUTRAL,-2.463891248937966,,,False,False,+2 Capitulation phase (Mark-down/Distribution); +2 Bottom-33% of 52W range; +1 Below SMA200,49.58,0.09,-0.11,2122
99,GOOGL,Communication Services (Internet/Technology),343.11,1.21,4.0,C - Marginal,Mark-down,[DOWNTREND],Middle,10.0,Extreme Positive Gamma,348.75,347.5,350.0,50.0,35.0,0.88,0.5,1.44,343.16,343.99,338.44,32.0,PINNED,-0.23551988834612514,342.55,0.16347978397315277,False,False,+2 Capitulation phase (Mark-down/Distribution); +1 Spot below gamma flip; +2 IV Rank >= 50 (premium rich); -1 Extreme long gamma (GEX >= +6),49.58,0.09,-0.11,2122
100,TLN,Utilities (Independent Power),319.85,-1.0,4.0,C - Marginal,Mark-down,[DOWNTREND],Top 33%,1.0,Neutral / Transition Zone,320.0,310.0,330.0,27.0,52.7,1.31,0.55,-1.0,307.56,322.36,352.49,32.0,NEUTRAL,5.068655147493595,308.66,3.6253482796604564,False,False,+2 Capitulation phase (Mark-down/Distribution); +1 Spot below gamma flip; +2 Volume ratio > 1.2x (capitulation volume); +1 Below SMA200; -2 Top-33% of range,49.58,0.09,-0.11,2122
101,BRK-B,Insurance & Investment Conglomerate,502.65,0.43,4.0,C - Marginal,Mark-down,[MARKDOWN],Bottom 33%,10.0,Extreme Positive Gamma,502.5,500.0,505.0,,,,,,,,,,PINNED,-0.5598638917464704,,,False,False,+2 Capitulation phase (Mark-down/Distribution); +2 Bottom-33% of 52W range; +1 Below SMA200; -1 Extreme long gamma (GEX >= +6),49.58,0.09,-0.11,2122
102,EL,Personal Products / Cosmetics,91.97,1.97,4.0,C - Marginal,Mark-up,[UPTREND],Bottom 33%,0.0,Neutral / Transition Zone,95.5,92.0,99.0,,,,,,,,,,UPTREND,-2.6463427543135354,,,False,False,+2 Bottom-33% of 52W range; +2 Dealer gamma <= 0 (short/neutral); +1 Spot below gamma flip; +1 Below SMA200; -2 Mark-up phase,49.58,0.09,-0.11,2122
103,MRK,Healthcare (Pharmaceuticals),144.3,0.34,3.0,D - No Edge / Avoid,Mark-up,[UPTREND],Bottom 33%,1.0,Neutral / Transition Zone,151.0,147.0,155.0,79.0,34.5,1.0,0.45,0.34,146.48,141.3,122.19,26.0,UPTREND,-3.0111574136308605,146.94,-1.7966516945692068,False,True,+2 Bottom-33% of 52W range; +1 Spot below gamma flip; +2 IV Rank >= 50 (premium rich); -2 Mark-up phase,49.14,-0.18,-0.23,9928
104,SAP,Enterprise Application Software,208.57,-1.05,3.0,D - No Edge / Avoid,Mark-up,[UPTREND],Bottom 33%,1.0,Neutral / Transition Zone,208.75,207.5,210.0,70.0,46.1,0.74,1.32,-1.05,210.33,202.92,194.02,18.0,UPTREND,-1.0015188912094186,210.31,-0.8273501022300511,False,True,+2 Bottom-33% of 52W range; +1 Spot below gamma flip; +2 IV Rank >= 50 (premium rich); -2 Mark-up phase,49.14,-0.18,-0.23,9928
105,AMZN,Consumer Discretionary (E-commerce/Cloud),250.94,0.95,3.0,D - No Edge / Avoid,Mark-down,[DOWNTREND],Middle,8.0,Extreme Positive Gamma,247.5,245.0,250.0,56.0,38.5,0.97,0.4,1.09,251.95,256.09,241.01,26.0,PINNED,0.508671446309128,249.43,0.6053802670087816,False,False,+2 Capitulation phase (Mark-down/Distribution); +2 IV Rank >= 50 (premium rich); -1 Extreme long gamma (GEX >= +6),49.14,-0.18,-0.23,9928
106,COP,Oil & Gas Exploration & Production,126.75,-0.24,3.0,D - No Edge / Avoid,Mark-up,[UPTREND],Bottom 33%,1.0,Neutral / Transition Zone,127.0,125.0,129.0,51.0,31.7,0.77,1.12,-0.24,129.37,127.55,116.07,33.0,UPTREND,-0.43205027494108705,127.63,-0.6894930658935983,False,True,+2 Bottom-33% of 52W range; +1 Spot below gamma flip; +2 IV Rank >= 50 (premium rich); -2 Mark-up phase,49.14,-0.18,-0.23,9928
107,PINS,Interactive Media & Services,19.36,-0.51,3.0,D - No Edge / Avoid,Mark-down,[DOWNTREND],Middle,1.0,Neutral / Transition Zone,18.5,18.0,19.0,43.0,53.1,0.56,0.5,-0.51,19.48,21.76,21.33,31.0,NEUTRAL,2.4338624338624326,18.91,2.379693283976736,False,False,+2 Capitulation phase (Mark-down/Distribution); +1 Below SMA200,49.14,-0.18,-0.23,9928
108,VRT,Technology (Quantum Computing),251.84,2.17,3.0,D - No Edge / Avoid,Mark-down,[DOWNTREND],Middle,2.0,Neutral / Transition Zone,250.0,250.0,250.0,43.0,65.0,0.64,1.02,2.32,251.48,264.17,263.42,25.0,NEUTRAL,-0.5685407454200875,246.94,1.984287681218122,False,False,+2 Capitulation phase (Mark-down/Distribution); +1 Below SMA200,49.14,-0.18,-0.23,9928
109,JPM,Diversified Banking & Capital Markets,332.46,-0.22,3.0,D - No Edge / Avoid,Mark-down,[MARKDOWN],Bottom 33%,10.0,Extreme Positive Gamma,331.25,330.0,332.5,38.0,24.8,0.81,0.53,-0.22,344.27,353.18,321.56,10.0,PINNED,-3.0898385122136163,338.2,-1.6972205795387385,False,False,+2 Capitulation phase (Mark-down/Distribution); +2 Bottom-33% of 52W range; -1 Extreme long gamma (GEX >= +6),49.14,-0.18,-0.23,9928
110,DOW,Commodity & Specialty Chemicals,27.97,1.38,3.0,D - No Edge / Avoid,Mark-down,[DOWNTREND],Middle,1.0,Neutral / Transition Zone,27.0,26.0,28.0,22.0,42.4,0.81,0.7,1.38,28.75,30.01,31.95,19.0,NEUTRAL,-0.17844396859386658,28.07,-0.35625222657642563,False,False,+2 Capitulation phase (Mark-down/Distribution); +1 Below SMA200,49.14,-0.18,-0.23,9928
111,NEM,Gold Mining,115.56,1.1,3.0,D - No Edge / Avoid,Mark-up,[UPTREND],Bottom 33%,0.0,Neutral / Transition Zone,117.0,115.0,119.0,14.0,42.1,0.59,0.91,0.78,120.99,116.58,111.26,19.0,UPTREND,-4.834060775755578,118.83,-2.7518303458722526,False,False,+2 Bottom-33% of 52W range; +2 Dealer gamma <= 0 (short/neutral); +1 Spot below gamma flip; -2 Mark-up phase,49.14,-0.18,-0.23,9928
112,AVGO,Semiconductors & Infrastructure Software,354.92,2.91,3.0,D - No Edge / Avoid,Mark-down,[DOWNTREND],Middle,5.0,Moderate Positive Gamma,350.0,340.0,360.0,5.0,35.5,0.9,0.56,3.28,356.16,375.74,367.78,68.0,NEUTRAL,0.5980556106686352,351.37,1.010330990124375,False,False,+2 Capitulation phase (Mark-down/Distribution); +1 Below SMA200,49.14,-0.18,-0.23,9928
113,INFQ,Technology (Quantum Computing),13.19,-1.2,3.0,D - No Edge / Avoid,Mark-up,[UPTREND],Bottom 33%,0.0,Neutral / Transition Zone,15.0,14.0,16.0,5.0,79.3,0.95,0.21,-1.27,13.48,12.35,12.59,39.0,UPTREND,-9.09717436250862,13.72,-3.862973760932953,False,False,+2 Bottom-33% of 52W range; +2 Dealer gamma <= 0 (short/neutral); +1 Spot below gamma flip; -2 Mark-up phase,49.14,-0.18,-0.23,9928
114,JBL,Technology (Quantum Computing),304.41,1.54,3.0,D - No Edge / Avoid,Distribution,[UPTHRUST] (SOW),Middle,1.0,Neutral / Transition Zone,303.75,307.5,300.0,,,,,,,,,,NEUTRAL,-3.892782724000754,,,False,False,+2 Capitulation phase (Mark-down/Distribution); +1 Below SMA200,49.14,-0.18,-0.23,9928
115,T,Telecommunications Providers,24.3,0.0,3.0,D - No Edge / Avoid,Mark-up,[UPTREND],Bottom 33%,-1.0,Neutral / Transition Zone,24.25,24.0,24.5,,,,,,,,,,NEUTRAL,-4.255319148936165,,,False,False,+2 Bottom-33% of 52W range; +2 Dealer gamma <= 0 (short/neutral); +1 Below SMA200; -2 Mark-up phase,49.14,-0.18,-0.23,9928
116,ISRG,Medical Robotics / Devices,391.5,-2.65,2.0,D - No Edge / Avoid,Mark-up,[UPTREND],Middle,2.0,Neutral / Transition Zone,395.0,390.0,400.0,77.0,43.5,0.77,0.82,-2.43,392.51,376.5,449.46,17.0,UPTREND,-3.3762772101288308,401.89,-2.585284530592946,False,True,+1 Spot below gamma flip; +2 IV Rank >= 50 (premium rich); +1 Below SMA200; -2 Mark-up phase,49.14,-0.18,-0.23,9928
117,HLT,Hotels & Resorts,319.36,1.24,2.0,D - No Edge / Avoid,Mark-down,[DOWNTREND],Top 33%,1.0,Neutral / Transition Zone,317.5,310.0,325.0,60.0,29.2,0.67,1.16,1.24,313.91,317.92,315.55,24.0,NEUTRAL,1.7199643266658349,314.97,1.3937835349398409,False,False,+2 Capitulation phase (Mark-down/Distribution); +2 IV Rank >= 50 (premium rich); -2 Top-33% of range,49.14,-0.18,-0.23,9928
118,XLI,Industrials,170.01,0.63,2.0,D - No Edge / Avoid,Mark-down,[DOWNTREND],Middle,1.0,Neutral / Transition Zone,168.5,167.0,170.0,43.0,20.2,0.79,1.17,0.81,,169.61,168.24,,NEUTRAL,-0.24643548671009485,,,False,False,+2 Capitulation phase (Mark-down/Distribution),49.14,-0.18,-0.23,9928
119,DD,Specialty Materials & Chemicals,129.98,0.6,2.0,D - No Edge / Avoid,Mark-down,[DOWNTREND],Top 33%,2.0,Neutral / Transition Zone,132.5,130.0,135.0,40.0,32.3,0.6,0.03,0.6,130.83,136.01,137.54,33.0,NEUTRAL,-1.3134917622048548,130.04,-0.04613964933867232,False,False,+2 Capitulation phase (Mark-down/Distribution); +1 Spot below gamma flip; +1 Below SMA200; -2 Top-33% of range,49.14,-0.18,-0.23,9928
120,FCX,Copper & Gold Mining,72.04,3.98,2.0,D - No Edge / Avoid,Mark-up,[UPTREND],Middle,0.0,Neutral / Transition Zone,76.0,76.0,76.0,,,,,,,,,,UPTREND,-0.37339233854237763,,,False,False,+2 Dealer gamma <= 0 (short/neutral); +1 Spot below gamma flip; +1 Below SMA200; -2 Mark-up phase,49.14,-0.18,-0.23,9928
121,FLEX,Technology (Quantum Computing),116.61,3.4,2.0,D - No Edge / Avoid,Mark-down,[DOWNTREND],Top 33%,3.0,Neutral / Transition Zone,117.5,115.0,120.0,,,,,,,,,,NEUTRAL,1.6829438437391042,,,False,False,+2 Capitulation phase (Mark-down/Distribution); +1 Spot below gamma flip; +1 Below SMA200; -2 Top-33% of range,49.14,-0.18,-0.23,9928
122,TEAM,Application Software (Collaboration),187.89,-1.06,2.0,D - No Edge / Avoid,Mark-up,[UPTREND],Middle,-1.0,Neutral / Transition Zone,190.0,190.0,190.0,,,,,,,,,,NEUTRAL,0.07989773090442132,,,False,False,+2 Dealer gamma <= 0 (short/neutral); +1 Spot below gamma flip; +1 Below SMA200; -2 Mark-up phase,49.14,-0.18,-0.23,9928
123,WDAY,Human Capital Management Software,186.14,-0.33,2.0,D - No Edge / Avoid,Mark-up,[UPTREND],Bottom 33%,2.0,Neutral / Transition Zone,193.75,187.5,200.0,,,,,,,,,,UPTREND,-1.747162839799421,,,False,False,+2 Bottom-33% of 52W range; +1 Spot below gamma flip; +1 Below SMA200; -2 Mark-up phase,49.14,-0.18,-0.23,9928
124,VLO,Oil & Gas Refining & Marketing,406.3,-0.42,1.0,D - No Edge / Avoid,Mark-up,[MARKUP],Top 33%,-1.0,Neutral / Transition Zone,410.0,400.0,420.0,85.0,50.7,0.66,1.07,-0.53,383.43,349.66,256.82,19.0,NEUTRAL,4.938271604938271,391.85,3.6876355748373113,False,False,+2 Dealer gamma <= 0 (short/neutral); +1 Spot below gamma flip; +2 IV Rank >= 50 (premium rich); -2 Top-33% of range; -2 Mark-up phase,49.14,-0.18,-0.23,9928
125,CVX,Integrated Oil & Gas,206.99,-0.19,1.0,D - No Edge / Avoid,Mark-up,[UPTREND],Middle,4.0,Moderate Positive Gamma,207.5,205.0,210.0,68.0,28.4,0.69,0.36,-0.05,206.33,201.76,185.8,27.0,UPTREND,1.2423575446319557,206.1,0.43182920912179235,False,False,+1 Spot below gamma flip; +2 IV Rank >= 50 (premium rich); -2 Mark-up phase,49.14,-0.18,-0.23,9928
126,NOW,Systems Software,134.32,-2.21,1.0,D - No Edge / Avoid,Mark-up,[UPTREND],Middle,3.0,Neutral / Transition Zone,135.5,131.0,140.0,60.0,57.8,0.71,0.55,-2.5,135.11,126.86,116.23,32.0,UPTREND,-0.9585606842648642,135.43,-0.8196116074725035,False,True,+1 Spot below gamma flip; +2 IV Rank >= 50 (premium rich); -2 Mark-up phase,49.14,-0.18,-0.23,9928
127,NOK,Communications Equipment,10.59,2.12,1.0,D - No Edge / Avoid,Mark-up,[UPTREND],Middle,1.0,Neutral / Transition Zone,10.75,10.5,11.0,53.0,64.3,0.88,0.16,2.12,10.37,10.06,9.95,19.0,UPTREND,1.9249278152069227,10.36,2.220077220077221,False,False,+1 Spot below gamma flip; +2 IV Rank >= 50 (premium rich); -2 Mark-up phase,49.14,-0.18,-0.23,9928
128,CRM,Application Software,234.69,-0.81,1.0,D - No Edge / Avoid,Mark-up,[UPTREND],Bottom 33%,1.0,Neutral / Transition Zone,242.5,240.0,245.0,41.0,38.4,0.63,0.73,-0.84,234.98,215.84,200.9,60.0,UPTREND,0.2863003162122846,234.21,0.20494428077366678,False,False,+2 Bottom-33% of 52W range; +1 Spot below gamma flip; -2 Mark-up phase,49.14,-0.18,-0.23,9928
129,AMGN,Healthcare (Biopharmaceuticals),403.04,-1.04,1.0,D - No Edge / Avoid,Mark-up,[UPTREND],Middle,-1.0,Neutral / Transition Zone,405.0,400.0,410.0,38.0,26.9,1.1,0.51,-1.04,407.57,406.92,363.19,31.0,NEUTRAL,-2.7905742746195172,410.39,-1.790979312361407,False,False,+2 Dealer gamma <= 0 (short/neutral); +1 Spot below gamma flip; -2 Mark-up phase,49.14,-0.18,-0.23,9928
130,PFE,Pharmaceuticals,27.81,-1.1,1.0,D - No Edge / Avoid,Mark-up,[UPTREND],Bottom 33%,5.0,Moderate Positive Gamma,28.5,28.5,28.5,32.0,23.7,1.08,1.62,-1.1,28.08,27.14,26.37,31.0,UPTREND,-2.9996512033484635,28.32,-1.8008474576271194,False,False,+2 Bottom-33% of 52W range; +1 Spot below gamma flip; -2 Mark-up phase,49.14,-0.18,-0.23,9928
131,FOTO,Photonics ETF,19.86,2.9,1.0,D - No Edge / Avoid,Mark-up,[MARKUP],Top 33%,0.0,Neutral / Transition Zone,18.5,17.0,20.0,29.0,53.9,1.41,0.15,3.22,,21.82,,,UPTREND,9.60264900662251,,,False,False,+2 Dealer gamma <= 0 (short/neutral); +2 Volume ratio > 1.2x (capitulation volume); +1 Below SMA200; -2 Top-33% of range; -2 Mark-up phase,49.14,-0.18,-0.23,9928
132,ORCL,Technology (Software),142.25,2.94,1.0,D - No Edge / Avoid,Mark-up,[UPTREND],Bottom 33%,8.0,Extreme Positive Gamma,147.5,145.0,150.0,26.0,52.0,1.01,0.53,3.03,143.29,142.7,163.67,67.0,PINNED,3.756382202771702,139.92,1.665237278444831,False,False,+2 Bottom-33% of 52W range; +1 Spot below gamma flip; +1 Below SMA200; -2 Mark-up phase; -1 Extreme long gamma (GEX >= +6),49.14,-0.18,-0.23,9928
133,HON,Diversified Industrial Conglomerate,213.99,0.09,1.0,D - No Edge / Avoid,Mark-down,[DOWNTREND],Top 33%,1.0,Neutral / Transition Zone,211.25,207.5,215.0,,,,,,,,,,NEUTRAL,0.6774876499647142,,,False,False,+2 Capitulation phase (Mark-down/Distribution); +1 Below SMA200; -2 Top-33% of range,49.14,-0.18,-0.23,9928
134,PSX,Oil & Gas Refining & Marketing,264.58,-0.15,0.0,D - No Edge / Avoid,Mark-up,[UPTREND],Middle,1.0,Neutral / Transition Zone,263.75,260.0,267.5,91.0,42.5,0.62,0.51,0.13,255.52,237.58,182.23,25.0,UPTREND,3.4525904203323465,258.12,2.50271191693785,False,False,+2 IV Rank >= 50 (premium rich); -2 Mark-up phase,49.14,-0.18,-0.23,9928
135,XOM,Energy (Oil & Gas),164.01,0.23,0.0,D - No Edge / Avoid,Mark-up,[UPTREND],Middle,5.0,Moderate Positive Gamma,162.5,160.0,165.0,56.0,28.2,0.8,0.42,0.12,162.0,159.99,148.42,27.0,UPTREND,2.1296469269568297,162.32,1.0411532774765808,False,False,+2 IV Rank >= 50 (premium rich); -2 Mark-up phase,49.14,-0.18,-0.23,9928
136,XLE,Energy,62.95,0.4,0.0,D - No Edge / Avoid,Mark-up,[UPTREND],Middle,1.0,Neutral / Transition Zone,62.5,62.0,63.0,53.0,26.0,0.86,2.77,0.4,,56.78,52.89,,UPTREND,1.4667956157317974,,,False,False,+2 IV Rank >= 50 (premium rich); -2 Mark-up phase,49.14,-0.18,-0.23,9928
137,GRID,Smart Grid Infrastructure ETF,182.91,2.3,0.0,D - No Edge / Avoid,Mark-up,[MARKUP],Top 33%,1.0,Neutral / Transition Zone,177.5,165.0,190.0,50.0,23.9,2.23,0.89,2.3,,171.05,155.29,,UPTREND,1.859998886228209,,,False,False,+2 IV Rank >= 50 (premium rich); +2 Volume ratio > 1.2x (capitulation volume); -2 Top-33% of range; -2 Mark-up phase,49.14,-0.18,-0.23,9928
138,TSLA,Automobile Manufacturers,371.15,4.53,0.0,D - No Edge / Avoid,Mark-up,[UPTREND],Middle,10.0,Extreme Positive Gamma,365.0,360.0,370.0,23.0,43.1,1.44,0.8,4.81,361.86,347.45,394.69,25.0,PINNED,-0.2579882292870539,361.61,2.6382013771742985,False,False,+2 Volume ratio > 1.2x (capitulation volume); +1 Below SMA200; -2 Mark-up phase; -1 Extreme long gamma (GEX >= +6),49.14,-0.18,-0.23,9928
139,OSCR,Healthcare (Insurance),30.94,2.48,0.0,D - No Edge / Avoid,Mark-up,[UPTREND],Middle,-1.0,Neutral / Transition Zone,30.0,29.0,31.0,22.0,68.1,0.71,1.16,3.48,30.79,30.71,21.71,33.0,NEUTRAL,4.527027027027031,30.34,1.9775873434410007,False,False,+2 Dealer gamma <= 0 (short/neutral); -2 Mark-up phase,49.14,-0.18,-0.23,9928
140,COST,Hypermarkets & Super Centers,920.65,0.73,0.0,D - No Edge / Avoid,Mark-down,[DOWNTREND],Top 33%,10.0,Extreme Positive Gamma,915.0,900.0,930.0,13.0,19.1,0.84,0.84,0.62,914.99,933.86,960.84,68.0,PINNED,-0.22974305623286728,912.55,0.8876225960221307,False,False,+2 Capitulation phase (Mark-down/Distribution); +1 Below SMA200; -2 Top-33% of range; -1 Extreme long gamma (GEX >= +6),49.14,-0.18,-0.23,9928
141,DVN,Oil & Gas Exploration & Production,47.65,1.04,0.0,D - No Edge / Avoid,Mark-up,[UPTREND],Middle,1.0,Neutral / Transition Zone,48.5,48.0,49.0,,,,,,,,,,UPTREND,1.2752391073326264,,,False,False,+1 Spot below gamma flip; +1 Below SMA200; -2 Mark-up phase,49.14,-0.18,-0.23,9928
142,SANM,Technology (Quantum Computing),229.03,3.19,-1.0,D - No Edge / Avoid,Mark-up,[MARKUP],Top 33%,1.0,Neutral / Transition Zone,230.0,220.0,240.0,69.0,68.2,1.13,0.34,3.19,,201.77,187.62,30.0,UPTREND,1.8952707211816522,217.13,5.480587666374981,False,False,+1 Spot below gamma flip; +2 IV Rank >= 50 (premium rich); -2 Top-33% of range; -2 Mark-up phase,49.14,-0.18,-0.23,9928
143,META,Communication Services,727.19,0.3,-1.0,D - No Edge / Avoid,Mark-up,[MARKUP],Top 33%,3.0,Neutral / Transition Zone,740.0,725.0,755.0,56.0,42.3,0.55,0.48,0.17,691.12,619.0,627.21,32.0,UPTREND,-3.2554612457760035,724.23,0.4087099402123595,False,False,+1 Spot below gamma flip; +2 IV Rank >= 50 (premium rich); -2 Top-33% of range; -2 Mark-up phase,49.14,-0.18,-0.23,9928
144,ABBV,Pharmaceuticals / Biotechnology,262.82,0.91,-1.0,D - No Edge / Avoid,Mark-up,[MARKUP],Top 33%,4.0,Moderate Positive Gamma,265.0,260.0,270.0,48.0,28.1,1.42,0.55,1.11,261.54,257.48,230.97,27.0,UPTREND,-0.5750170235302998,262.75,0.02664129400571369,False,False,+1 Spot below gamma flip; +2 Volume ratio > 1.2x (capitulation volume); -2 Top-33% of range; -2 Mark-up phase,49.14,-0.18,-0.23,9928
145,CSCO,Communications Equipment,112.2,3.27,-1.0,D - No Edge / Avoid,Mark-down,[DOWNTREND],Top 33%,10.0,Extreme Positive Gamma,108.5,106.0,111.0,27.0,27.7,0.98,0.36,3.16,108.81,112.27,97.25,39.0,PINNED,5.154639175257736,107.84,4.043026706231445,False,False,+2 Capitulation phase (Mark-down/Distribution); -2 Top-33% of range; -1 Extreme long gamma (GEX >= +6),49.14,-0.18,-0.23,9928
146,TEVA,Healthcare (Pharmaceuticals),39.53,0.56,-1.0,D - No Edge / Avoid,Mark-up,[MARKUP],Top 33%,0.0,Neutral / Transition Zone,40.0,40.0,40.0,23.0,36.0,0.89,0.16,0.56,38.61,36.41,33.54,31.0,UPTREND,0.8675682572084842,39.3,0.5852417302799173,False,False,+2 Dealer gamma <= 0 (short/neutral); +1 Spot below gamma flip; -2 Top-33% of range; -2 Mark-up phase,49.14,-0.18,-0.23,9928
147,AES,Independent Power / Renewable Energy,14.91,-0.07,-1.0,D - No Edge / Avoid,Accumulation,[SPRING] (SOS),Top 33%,1.0,Neutral / Transition Zone,15.0,15.0,15.0,2.0,5.8,0.88,0.05,-0.07,14.83,14.78,14.67,31.0,NEUTRAL,0.26899798251514007,14.87,0.26899798251514007,False,False,+1 Spot below gamma flip; -2 Top-33% of range,49.14,-0.18,-0.23,9928
148,WBD,Entertainment & Media Content,30.94,0.0,-1.0,D - No Edge / Avoid,Accumulation,[SPRING] (SOS),Top 33%,10.0,Extreme Positive Gamma,30.75,30.5,31.0,1.0,2.5,1.26,1.06,-0.03,29.68,28.02,27.67,33.0,BULL SETUP,0.25923525599482744,30.51,1.4093739757456536,False,False,+2 Volume ratio > 1.2x (capitulation volume); -2 Top-33% of range; -1 Extreme long gamma (GEX >= +6),49.14,-0.18,-0.23,9928
149,ARQQ,Technology (Quantum Computing),24.62,2.8,-1.0,D - No Edge / Avoid,Mark-up,[MARKUP],Top 33%,0.0,Neutral / Transition Zone,23.75,22.5,25.0,,,,,,,,,,UPTREND,0.08130081300812275,,,False,False,+2 Dealer gamma <= 0 (short/neutral); +1 Below SMA200; -2 Top-33% of range; -2 Mark-up phase,49.14,-0.18,-0.23,9928
150,PLXS,Technology (Quantum Computing),273.13,1.06,-1.0,D - No Edge / Avoid,Mark-up,[MARKUP],Top 33%,0.0,Neutral / Transition Zone,245.0,230.0,260.0,,,,,,,,,,UPTREND,3.816184575620518,,,False,False,+2 Dealer gamma <= 0 (short/neutral); +1 Below SMA200; -2 Top-33% of range; -2 Mark-up phase,49.14,-0.18,-0.23,9928
151,TMO,Life Sciences Tools & Services,654.8,0.35,-1.0,D - No Edge / Avoid,Mark-up,[MARKUP],Top 33%,-1.0,Neutral / Transition Zone,635.0,540.0,730.0,,,,,,,,,,NEUTRAL,-2.9925925925926022,,,False,False,+2 Dealer gamma <= 0 (short/neutral); +1 Below SMA200; -2 Top-33% of range; -2 Mark-up phase,49.14,-0.18,-0.23,9928
152,BHE,Technology (Quantum Computing),87.39,3.27,-2.0,D - No Edge / Avoid,Mark-up,[MARKUP],Top 33%,1.0,Neutral / Transition Zone,82.5,85.0,80.0,63.0,44.0,0.73,0.04,3.27,,77.67,69.13,31.0,UPTREND,5.901599612215236,,,False,False,+2 IV Rank >= 50 (premium rich); -2 Top-33% of range; -2 Mark-up phase,49.14,-0.18,-0.23,9928
153,CDNS,Electronic Design Automation Software,351.35,-0.02,-2.0,D - No Edge / Avoid,Mark-up,[MARKUP],Top 33%,1.0,Neutral / Transition Zone,342.5,335.0,350.0,63.0,47.8,0.75,0.22,0.18,313.77,318.19,325.42,23.0,UPTREND,7.733112562475086,322.92,8.804038151864235,False,False,+2 IV Rank >= 50 (premium rich); -2 Top-33% of range; -2 Mark-up phase,49.14,-0.18,-0.23,9928
154,MSFT,Technology (Software),517.4,0.71,-2.0,D - No Edge / Avoid,Mark-up,[MARKUP],Top 33%,10.0,Extreme Positive Gamma,518.75,517.5,520.0,50.0,32.5,0.84,0.45,0.9,501.28,480.25,432.3,32.0,PINNED,0.23829358544666945,507.39,1.9728414040481645,False,False,+1 Spot below gamma flip; +2 IV Rank >= 50 (premium rich); -2 Top-33% of range; -2 Mark-up phase; -1 Extreme long gamma (GEX >= +6),49.14,-0.18,-0.23,9928
155,ETN,Electrical Equipment & Power Management,436.11,-0.27,-2.0,D - No Edge / Avoid,Mark-up,[MARKUP],Top 33%,-1.0,Neutral / Transition Zone,422.5,420.0,425.0,43.0,38.0,1.02,0.58,-0.27,425.46,420.37,387.68,31.0,NEUTRAL,-0.8795854357016242,431.81,0.995808341631732,False,False,+2 Dealer gamma <= 0 (short/neutral); -2 Top-33% of range; -2 Mark-up phase,49.14,-0.18,-0.23,9928
156,ONTO,Semiconductor Metrology,327.77,4.09,-2.0,D - No Edge / Avoid,Mark-up,[MARKUP],Top 33%,2.0,Neutral / Transition Zone,305.0,280.0,330.0,42.0,69.0,1.23,0.84,4.09,283.99,281.35,251.22,33.0,UPTREND,13.95146711166737,293.46,11.691542288557223,False,False,+2 Volume ratio > 1.2x (capitulation volume); -2 Top-33% of range; -2 Mark-up phase,49.14,-0.18,-0.23,9928
157,SNPS,Electronic Design Automation Software,489.9,-0.18,-2.0,D - No Edge / Avoid,Mark-up,[MARKUP],Top 33%,2.0,Neutral / Transition Zone,480.0,480.0,480.0,42.0,44.0,1.38,0.42,-0.13,416.4,402.1,444.75,67.0,UPTREND,15.064825253664038,430.64,13.760913988482248,False,False,+2 Volume ratio > 1.2x (capitulation volume); -2 Top-33% of range; -2 Mark-up phase,49.14,-0.18,-0.23,9928
158,OXY,Energy (Oil & Gas),58.08,0.33,-2.0,D - No Edge / Avoid,Mark-up,[UPTREND],Middle,1.0,Neutral / Transition Zone,56.0,54.0,58.0,41.0,33.8,0.97,0.19,0.41,57.99,58.39,53.78,37.0,UPTREND,2.1456208230742124,57.04,1.8232819074333717,False,False,-2 Mark-up phase,49.14,-0.18,-0.23,9928
159,QCOM,Semiconductors,184.87,1.53,-2.0,D - No Edge / Avoid,Mark-up,[UPTREND],Middle,4.0,Moderate Positive Gamma,183.75,180.0,187.5,33.0,47.7,0.7,0.37,1.53,183.54,170.83,169.2,32.0,UPTREND,-8.466603951081842,187.25,-1.2710280373831706,False,False,-2 Mark-up phase,49.14,-0.18,-0.23,9928
160,FN,Technology (Quantum Computing),464.4,3.66,-2.0,D - No Edge / Avoid,Mark-up,[MARKUP],Top 33%,1.0,Neutral / Transition Zone,490.0,480.0,500.0,29.0,68.1,0.86,1.46,2.87,417.57,452.36,532.49,30.0,UPTREND,11.262847696399048,419.11,10.806232254062165,False,False,+1 Spot below gamma flip; +1 Below SMA200; -2 Top-33% of range; -2 Mark-up phase,49.14,-0.18,-0.23,9928
161,XLK,Technology,199.99,1.01,-2.0,D - No Edge / Avoid,Mark-up,[MARKUP],Top 33%,4.0,Moderate Positive Gamma,194.0,190.0,198.0,29.0,23.6,1.25,6.58,1.1,,139.51,157.26,,UPTREND,1.8953482447648717,,,False,False,+2 Volume ratio > 1.2x (capitulation volume); -2 Top-33% of range; -2 Mark-up phase,49.14,-0.18,-0.23,9928
162,AAOI,Technology (Quantum Computing),114.6,7.52,-2.0,D - No Edge / Avoid,Mark-up,[MARKUP],Top 33%,3.0,Neutral / Transition Zone,106.5,103.0,110.0,11.0,91.4,1.55,0.3,6.78,104.26,111.54,107.67,33.0,UPTREND,13.017751479289918,102.17,12.165997846726029,False,False,+2 Volume ratio > 1.2x (capitulation volume); -2 Top-33% of range; -2 Mark-up phase,49.14,-0.18,-0.23,9928
163,CRWV,Technology,89.33,1.22,-2.0,D - No Edge / Avoid,Mark-up,[UPTREND],Middle,7.0,Moderate Positive Gamma,89.0,88.0,90.0,3.0,69.9,0.79,0.52,0.86,86.75,86.26,92.14,37.0,UPTREND,1.9865281424820136,86.81,2.9028913719617577,False,False,+1 Below SMA200; -2 Mark-up phase; -1 Extreme long gamma (GEX >= +6),49.14,-0.18,-0.23,9928
164,Dell,PC infrastructure,562.52,3.84,-2.0,D - No Edge / Avoid,Mark-up,[UPTREND],Middle,10.0,Extreme Positive Gamma,537.5,525.0,550.0,,,,,,,,,,PINNED,-0.06573220345005293,,,False,False,+1 Below SMA200; -2 Mark-up phase; -1 Extreme long gamma (GEX >= +6),49.14,-0.18,-0.23,9928
165,TTMI,Technology (Quantum Computing),131.87,4.25,-2.0,D - No Edge / Avoid,Mark-up,[MARKUP],Top 33%,3.0,Neutral / Transition Zone,132.5,125.0,140.0,,,,,,,,,,UPTREND,2.0902686382286984,,,False,False,+1 Spot below gamma flip; +1 Below SMA200; -2 Top-33% of range; -2 Mark-up phase,49.14,-0.18,-0.23,9928
166,GLW,Technology (Quantum Computing),164.46,2.44,-3.0,D - No Edge / Avoid,Mark-up,[MARKUP],Top 33%,3.0,Neutral / Transition Zone,165.0,160.0,170.0,44.0,63.0,0.89,0.53,2.52,154.87,152.83,149.48,24.0,UPTREND,4.925354089575085,155.83,5.538086376179163,False,False,+1 Spot below gamma flip; -2 Top-33% of range; -2 Mark-up phase,49.14,-0.18,-0.23,9928
167,ARM,Semiconductors & Semiconductor IP,308.0,4.9,-3.0,D - No Edge / Avoid,Accumulation,[SPRING] (SOS),Top 33%,9.0,Extreme Positive Gamma,285.0,285.0,285.0,41.0,70.7,1.03,0.48,5.36,282.96,265.12,213.3,32.0,BULL SETUP,-0.7476153647847372,293.59,4.908205320344705,False,False,-2 Top-33% of range; -1 Extreme long gamma (GEX >= +6),49.14,-0.18,-0.23,9928
168,SPCX,Telecommunications Providers,158.81,6.99,-3.0,D - No Edge / Avoid,Mark-up,[MARKUP],Top 33%,10.0,Extreme Positive Gamma,156.25,152.5,160.0,32.0,45.1,1.3,0.78,7.25,,136.94,143.41,31.0,PINNED,6.813290287866547,,,False,False,+2 Volume ratio > 1.2x (capitulation volume); -2 Top-33% of range; -2 Mark-up phase; -1 Extreme long gamma (GEX >= +6),49.14,-0.18,-0.23,9928
169,COHR,Technology (Quantum Computing),336.84,5.79,-3.0,D - No Edge / Avoid,Mark-up,[MARKUP],Top 33%,7.0,Moderate Positive Gamma,320.0,320.0,320.0,24.0,70.9,1.31,1.07,5.53,296.61,296.41,287.53,32.0,UPTREND,13.86269141060743,298.43,12.870689944040459,False,False,+2 Volume ratio > 1.2x (capitulation volume); -2 Top-33% of range; -2 Mark-up phase; -1 Extreme long gamma (GEX >= +6),49.14,-0.18,-0.23,9928
170,HUBB,Industrials,475.52,1.83,-3.0,D - No Edge / Avoid,Mark-up,[MARKUP],Top 33%,3.0,Neutral / Transition Zone,450.0,400.0,500.0,,,,,,,,,,UPTREND,1.9073335905019029,,,False,False,+1 Below SMA200; -2 Top-33% of range; -2 Mark-up phase,49.14,-0.18,-0.23,9928
171,KEYS,Technology (Quantum Computing),384.64,2.88,-3.0,D - No Edge / Avoid,Mark-up,[MARKUP],Top 33%,4.0,Moderate Positive Gamma,325.0,290.0,360.0,,,,,,,,,,UPTREND,6.2101339224078345,,,False,False,+1 Below SMA200; -2 Top-33% of range; -2 Mark-up phase,49.14,-0.18,-0.23,9928
172,MAR,"Hotels, Resorts & Cruise Lines",358.96,1.18,-3.0,D - No Edge / Avoid,Mark-up,[MARKUP],Top 33%,1.0,Neutral / Transition Zone,345.0,335.0,355.0,,,,,,,,,,UPTREND,1.9685822231059857,,,False,False,+1 Below SMA200; -2 Top-33% of range; -2 Mark-up phase,49.14,-0.18,-0.23,9928
173,MCHP,Microcontrollers & Mixed-Signal,81.32,3.59,-3.0,D - No Edge / Avoid,Mark-up,[MARKUP],Top 33%,5.0,Moderate Positive Gamma,79.0,77.0,81.0,,,,,,,,,,UPTREND,3.3422289998729093,,,False,False,+1 Below SMA200; -2 Top-33% of range; -2 Mark-up phase,49.14,-0.18,-0.23,9928
174,MU,Memory & Storage Solutions,1071.25,-1.88,-3.0,D - No Edge / Avoid,Accumulation,[SPRING] (SOS),Top 33%,10.0,Extreme Positive Gamma,1060.0,1035.0,1085.0,,49.2,1.03,0.62,-2.38,1025.21,951.59,673.15,74.0,BULL SETUP,-1.0191447684517851,1060.96,0.9698763384105025,False,False,-2 Top-33% of range; -1 Extreme long gamma (GEX >= +6),49.14,-0.18,-0.23,9928
175,TEL,Electronic Components & Connectivity,220.36,1.19,-3.0,D - No Edge / Avoid,Mark-up,[MARKUP],Top 33%,2.0,Neutral / Transition Zone,215.0,210.0,220.0,,,,,,,,,,UPTREND,0.8097351205453185,,,False,False,+1 Below SMA200; -2 Top-33% of range; -2 Mark-up phase,49.14,-0.18,-0.23,9928
176,TXN,Analog Semiconductors,293.8,4.44,-3.0,D - No Edge / Avoid,Mark-up,[MARKUP],Top 33%,3.0,Neutral / Transition Zone,285.0,280.0,290.0,,,,,,,,,,UPTREND,5.656848994857411,,,False,False,+1 Below SMA200; -2 Top-33% of range; -2 Mark-up phase,49.14,-0.18,-0.23,9928
177,AAPL,"Technology Hardware, Storage & Peripherals",333.35,0.94,-4.0,D - No Edge / Avoid,Mark-up,[MARKUP],Top 33%,10.0,Extreme Positive Gamma,333.75,335.0,332.5,49.0,25.4,0.79,0.6,0.92,330.76,321.98,288.33,26.0,PINNED,-2.2634649778637717,333.78,-0.12882737132241528,False,True,+1 Spot below gamma flip; -2 Top-33% of range; -2 Mark-up phase; -1 Extreme long gamma (GEX >= +6),49.14,-0.18,-0.23,9928
178,CLS,Technology (Quantum Computing),386.57,3.61,-4.0,D - No Edge / Avoid,Mark-up,[MARKUP],Top 33%,2.0,Neutral / Transition Zone,362.5,355.0,370.0,44.0,74.0,1.0,0.35,3.61,345.24,327.96,329.89,23.0,UPTREND,5.782070928196137,359.32,7.583769342090618,False,False,-2 Top-33% of range; -2 Mark-up phase,49.14,-0.18,-0.23,9928
179,NET,Cybersecurity / Cloud Infrastructure,348.99,-0.57,-4.0,D - No Edge / Avoid,Mark-up,[MARKUP],Top 33%,1.0,Neutral / Transition Zone,347.5,335.0,360.0,43.0,60.3,0.9,0.77,-0.57,332.76,302.85,233.0,26.0,UPTREND,-0.008595495960106447,346.96,0.5850818538160052,False,False,-2 Top-33% of range; -2 Mark-up phase,49.14,-0.18,-0.23,9928
180,INTC,Technology (Semiconductors),119.33,-0.43,-4.0,D - No Edge / Avoid,Mark-up,[MARKUP],Top 33%,5.0,Moderate Positive Gamma,117.5,117.0,118.0,42.0,69.4,0.87,0.76,-0.56,111.57,99.85,79.96,19.0,UPTREND,-2.9837398373983803,117.82,1.2816160244440766,False,False,-2 Top-33% of range; -2 Mark-up phase,49.14,-0.18,-0.23,9928
181,HPE,Technology (Enterprise Hardware),69.73,7.74,-4.0,D - No Edge / Avoid,Mark-up,[MARKUP],Top 33%,2.0,Neutral / Transition Zone,67.5,70.0,65.0,34.0,62.2,1.06,0.49,7.97,59.9,54.62,36.28,61.0,UPTREND,10.788052113123614,62.39,11.764705882352944,False,False,-2 Top-33% of range; -2 Mark-up phase,49.14,-0.18,-0.23,9928
182,SOXX,Semiconductors ETF,588.1,1.96,-4.0,D - No Edge / Avoid,Mark-up,[MARKUP],Top 33%,5.0,Moderate Positive Gamma,580.0,560.0,600.0,33.0,38.7,0.97,2.31,2.04,,351.25,414.88,,UPTREND,2.6926031989942256,,,False,False,-2 Top-33% of range; -2 Mark-up phase,49.14,-0.18,-0.23,9928
183,SMCI,Server & Storage Systems,43.61,4.21,-4.0,D - No Edge / Avoid,Mark-up,[MARKUP],Top 33%,4.0,Moderate Positive Gamma,43.5,41.0,46.0,32.0,71.7,1.18,0.33,4.02,39.85,35.73,31.86,31.0,UPTREND,0.8090614886731462,41.18,5.90092277804759,False,False,-2 Top-33% of range; -2 Mark-up phase,49.14,-0.18,-0.23,9928
184,CIEN,Technology (Quantum Computing),391.73,3.18,-4.0,D - No Edge / Avoid,Mark-up,[MARKUP],Top 33%,3.0,Neutral / Transition Zone,380.0,370.0,390.0,30.0,64.3,0.88,1.04,3.32,358.22,375.79,389.1,68.0,UPTREND,9.755960886497995,357.95,9.437072216790066,False,False,-2 Top-33% of range; -2 Mark-up phase,49.14,-0.18,-0.23,9928
185,SMH,Semiconductors ETF,630.15,1.93,-4.0,D - No Edge / Avoid,Mark-up,[MARKUP],Top 33%,3.0,Neutral / Transition Zone,608.75,605.0,612.5,22.0,33.7,1.16,3.28,2.0,,405.46,351.84,,UPTREND,3.8891453442363444,,,False,False,-2 Top-33% of range; -2 Mark-up phase,49.14,-0.18,-0.23,9928
186,PLTR,Technology (Software/Data Analytics),188.6,-0.65,-4.0,D - No Edge / Avoid,Mark-up,[MARKUP],Top 33%,10.0,Extreme Positive Gamma,192.5,190.0,195.0,19.0,47.1,0.72,0.61,-0.76,181.57,166.07,152.05,30.0,PINNED,-0.5641377128697167,186.57,1.0880634614353957,False,False,+1 Spot below gamma flip; -2 Top-33% of range; -2 Mark-up phase; -1 Extreme long gamma (GEX >= +6),49.14,-0.18,-0.23,9928
187,IONQ,Technology (Quantum Computing),43.92,-0.11,-4.0,D - No Edge / Avoid,Mark-up,[MARKUP],Top 33%,2.0,Neutral / Transition Zone,43.5,42.0,45.0,1.0,67.6,0.79,0.45,-0.16,41.77,40.05,43.55,32.0,UPTREND,-3.430079155672816,43.14,1.8080667593880495,False,False,-2 Top-33% of range; -2 Mark-up phase,49.14,-0.18,-0.23,9928
188,ASML,Lithography Systems,1867.31,3.25,-4.0,D - No Edge / Avoid,Mark-up,[MARKUP],Top 33%,10.0,Extreme Positive Gamma,1840.0,1820.0,1860.0,,,,,,,,,,PINNED,7.074211268736308,,,False,False,+1 Below SMA200; -2 Top-33% of range; -2 Mark-up phase; -1 Extreme long gamma (GEX >= +6),49.14,-0.18,-0.23,9928
189,DRAM,Technology (Semiconductors),61.52,-0.57,-4.0,D - No Edge / Avoid,Mark-up,[MARKUP],Top 33%,1.0,Neutral / Transition Zone,61.0,59.0,63.0,,52.4,0.94,0.61,-0.82,,9.9,6.32,,UPTREND,-0.6299466968179512,,,False,False,-2 Top-33% of range; -2 Mark-up phase,49.14,-0.18,-0.23,9928
190,PANW,Technology (Quantum Computing),403.24,1.76,-4.0,D - No Edge / Avoid,Mark-up,[MARKUP],Top 33%,9.0,Extreme Positive Gamma,392.5,380.0,405.0,,,,,,,,,,PINNED,7.60527298927256,,,False,False,+1 Below SMA200; -2 Top-33% of range; -2 Mark-up phase; -1 Extreme long gamma (GEX >= +6),49.14,-0.18,-0.23,9928
191,CRWD,Technology (Quantum Computing),269.85,1.27,-5.0,D - No Edge / Avoid,Mark-up,[MARKUP],Top 33%,9.0,Extreme Positive Gamma,258.75,260.0,257.5,44.0,50.1,0.53,1.01,1.41,243.04,215.04,151.42,59.0,PINNED,7.028120414072125,256.98,5.008171842166709,False,False,-2 Top-33% of range; -2 Mark-up phase; -1 Extreme long gamma (GEX >= +6),49.14,-0.18,-0.23,9928
192,KLAC,Semiconductor Process Control Equipment,206.96,3.27,-5.0,D - No Edge / Avoid,Mark-up,[MARKUP],Top 33%,7.0,Moderate Positive Gamma,200.0,195.0,205.0,41.0,62.3,0.78,0.46,3.31,186.48,188.2,176.63,32.0,UPTREND,10.13197105151129,190.73,8.509411209563279,False,False,-2 Top-33% of range; -2 Mark-up phase; -1 Extreme long gamma (GEX >= +6),49.14,-0.18,-0.23,9928
193,GEV,Electrical Equipment / Power Generation,988.7,0.61,-5.0,D - No Edge / Avoid,Mark-up,[MARKUP],Top 33%,6.0,Moderate Positive Gamma,960.0,920.0,1000.0,32.0,51.2,1.0,1.11,0.13,950.93,968.41,913.15,25.0,UPTREND,3.2444681139897513,956.84,3.3297102963922853,False,False,-2 Top-33% of range; -2 Mark-up phase; -1 Extreme long gamma (GEX >= +6),49.14,-0.18,-0.23,9928
194,LRCX,Wafer Fabrication Equipment,347.49,2.2,-5.0,D - No Edge / Avoid,Mark-up,[MARKUP],Top 33%,10.0,Extreme Positive Gamma,342.5,330.0,355.0,31.0,60.4,0.8,0.62,2.17,308.95,304.95,272.45,18.0,PINNED,10.240791853050357,317.68,9.383656509695282,False,False,-2 Top-33% of range; -2 Mark-up phase; -1 Extreme long gamma (GEX >= +6),49.14,-0.18,-0.23,9928
195,AMAT,Semiconductor Manufacturing Equipment,539.88,2.19,-5.0,D - No Edge / Avoid,Mark-up,[MARKUP],Top 33%,10.0,Extreme Positive Gamma,520.0,500.0,540.0,30.0,53.2,0.96,0.97,2.0,478.76,489.11,423.7,40.0,PINNED,11.315463917525781,492.88,9.535789644538228,False,False,-2 Top-33% of range; -2 Mark-up phase; -1 Extreme long gamma (GEX >= +6),49.14,-0.18,-0.23,9928
196,APH,Technology (Quantum Computing),87.51,2.15,-5.0,D - No Edge / Avoid,Mark-up,[MARKUP],Top 33%,9.0,Extreme Positive Gamma,87.5,85.0,90.0,30.0,43.7,0.74,0.51,2.15,82.1,80.74,73.85,25.0,PINNED,4.067070995362121,83.5,4.802395209580834,False,False,-2 Top-33% of range; -2 Mark-up phase; -1 Extreme long gamma (GEX >= +6),49.14,-0.18,-0.23,9928
197,QQQ,Nasdaq-100 Index,749.16,0.92,-5.0,D - No Edge / Avoid,Mark-up,[MARKUP],Top 33%,10.0,Extreme Positive Gamma,740.0,740.0,740.0,29.0,19.0,1.04,1.06,0.96,,601.63,597.58,,PINNED,0.6259234385493473,,,False,False,-2 Top-33% of range; -2 Mark-up phase; -1 Extreme long gamma (GEX >= +6),49.14,-0.18,-0.23,9928
198,MRVL,Technology (Semiconductors),272.54,1.74,-5.0,D - No Edge / Avoid,Mark-up,[MARKUP],Top 33%,10.0,Extreme Positive Gamma,267.5,265.0,270.0,28.0,61.3,0.9,0.54,1.66,247.0,223.2,164.18,59.0,PINNED,4.046728258379795,258.22,5.545658740608772,False,False,-2 Top-33% of range; -2 Mark-up phase; -1 Extreme long gamma (GEX >= +6),49.14,-0.18,-0.23,9928
199,AMD,Semiconductors,632.98,2.66,-5.0,D - No Edge / Avoid,Mark-up,[MARKUP],Top 33%,8.0,Extreme Positive Gamma,630.0,610.0,650.0,17.0,49.9,0.9,0.77,2.8,567.98,509.04,368.62,31.0,PINNED,0.372643229786096,602.61,5.039743781218364,False,False,-2 Top-33% of range; -2 Mark-up phase; -1 Extreme long gamma (GEX >= +6),49.14,-0.18,-0.23,9928
200,LITE,Technology (Quantum Computing),1085.1,4.09,-5.0,D - No Edge / Avoid,Mark-up,[MARKUP],Top 33%,10.0,Extreme Positive Gamma,1075.0,1010.0,1140.0,15.0,71.2,1.0,0.95,3.76,933.94,866.99,735.07,31.0,PINNED,15.233897945096375,963.62,12.606629169174566,False,False,-2 Top-33% of range; -2 Mark-up phase; -1 Extreme long gamma (GEX >= +6),49.14,-0.18,-0.23,9928
201,SPY,S&P 500 Index,769.07,0.66,-5.0,D - No Edge / Avoid,Mark-up,[MARKUP],Top 33%,10.0,Extreme Positive Gamma,765.0,760.0,770.0,12.0,12.9,1.03,1.22,0.66,,673.86,702.76,,PINNED,-0.29558566150256205,,,False,False,-2 Top-33% of range; -2 Mark-up phase; -1 Extreme long gamma (GEX >= +6),49.14,-0.18,-0.23,9928
202,TSM,Technology (Semiconductors),472.45,3.0,-5.0,D - No Edge / Avoid,Mark-up,[MARKUP],Top 33%,10.0,Extreme Positive Gamma,470.0,460.0,480.0,6.0,32.0,1.0,0.65,2.89,440.27,422.36,384.65,12.0,PINNED,4.8467632764474855,450.58,4.853744063207421,False,False,-2 Top-33% of range; -2 Mark-up phase; -1 Extreme long gamma (GEX >= +6),49.14,-0.18,-0.23,9928
203,NBIS,Technology,242.48,4.11,-5.0,D - No Edge / Avoid,Mark-up,[MARKUP],Top 33%,10.0,Extreme Positive Gamma,231.25,220.0,242.5,,74.2,0.8,0.73,4.39,228.14,217.75,165.5,38.0,PINNED,2.169974297391808,232.67,4.216271973180907,False,False,-2 Top-33% of range; -2 Mark-up phase; -1 Extreme long gamma (GEX >= +6),49.14,-0.18,-0.23,9928
204,NVDA,Technology (Semiconductors/AI),233.91,1.13,-5.0,D - No Edge / Avoid,Mark-up,[MARKUP],Top 33%,10.0,Extreme Positive Gamma,232.5,230.0,235.0,,29.1,1.2,0.59,1.32,223.69,216.98,199.91,46.0,PINNED,3.9276669480606152,226.77,3.1485646249503896,False,False,-2 Top-33% of range; -2 Mark-up phase; -1 Extreme long gamma (GEX >= +6),49.14,-0.18,-0.23,9928
